period,universe,budget,selector,search_seeds,mean_selected_test_sharpe,mean_oracle_test_sharpe,mean_candidate_test_sharpe,mean_selection_regret,mean_frontier_efficiency,selected_positive_rate,mean_validation_test_rank_corr
P12_13,CROSS_ASSET4,25,family_balanced,100,0.26239476596668926,1.0874032408035024,-0.21713213832215864,0.8250084748368129,0.37908502477822276,0.76,0.2996384615384616
P12_13,CROSS_ASSET4,25,mean_fold,100,0.2512961345118922,1.0874032408035024,-0.21713213832215864,0.8361071062916102,0.3675889031465948,0.8,0.2996384615384616
P12_13,CROSS_ASSET4,25,mean_rank,100,0.24483969546446777,1.0874032408035024,-0.21713213832215864,0.8425635453390348,0.36248666729160806,0.78,0.2996384615384616
P12_13,CROSS_ASSET4,25,nested_complexity,100,0.2512961345118922,1.0874032408035024,-0.21713213832215864,0.8361071062916102,0.3675889031465948,0.8,0.2996384615384616
P12_13,CROSS_ASSET4,25,single_fold,100,0.08222511753106511,1.0874032408035024,-0.21713213832215864,1.0051781232724373,0.23384996461934493,0.6,0.2996384615384616
P12_13,CROSS_ASSET4,25,stability_lcb,100,0.310896511352181,1.0874032408035024,-0.21713213832215864,0.7765067294513215,0.4161502486482447,0.82,0.2996384615384616
P12_13,CROSS_ASSET4,100,family_balanced,100,0.21601741483989678,1.3322345921802463,-0.22880941939007424,1.1162171773403493,0.2884051285230465,0.76,0.2917968196819682
P12_13,CROSS_ASSET4,100,mean_fold,100,0.24725559925351978,1.3322345921802463,-0.22880941939007424,1.0849789929267262,0.309309017121181,0.82,0.2917968196819682
P12_13,CROSS_ASSET4,100,mean_rank,100,0.16478361745857195,1.3322345921802463,-0.22880941939007424,1.167450974721674,0.25088076533166515,0.72,0.2917968196819682
P12_13,CROSS_ASSET4,100,nested_complexity,100,0.24725559925351978,1.3322345921802463,-0.22880941939007424,1.0849789929267262,0.309309017121181,0.82,0.2917968196819682
P12_13,CROSS_ASSET4,100,single_fold,100,0.04052633348774977,1.3322345921802463,-0.22880941939007424,1.291708258692496,0.17202502326557031,0.54,0.2917968196819682
P12_13,CROSS_ASSET4,100,stability_lcb,100,0.28483366413720046,1.3322345921802463,-0.22880941939007424,1.0474009280430456,0.3345625373467023,0.87,0.2917968196819682
P12_13,CROSS_ASSET4,500,family_balanced,100,0.3589834265575829,1.4847200182380869,-0.2254024299710659,1.1257365916805042,0.3427229482258689,0.96,0.28573292501170006
P12_13,CROSS_ASSET4,500,mean_fold,100,0.3830295371110697,1.4847200182380869,-0.2254024299710659,1.1016904811270174,0.3565450272720648,1.0,0.28573292501170006
P12_13,CROSS_ASSET4,500,mean_rank,100,0.2600937787619218,1.4847200182380869,-0.2254024299710659,1.2246262394761651,0.28473977508911885,0.78,0.28573292501170006
P12_13,CROSS_ASSET4,500,nested_complexity,100,0.3830295371110697,1.4847200182380869,-0.2254024299710659,1.1016904811270174,0.3565450272720648,1.0,0.28573292501170006
P12_13,CROSS_ASSET4,500,single_fold,100,0.08878332324810864,1.4847200182380869,-0.2254024299710659,1.3959366949899783,0.18388976479617003,0.69,0.28573292501170006
P12_13,CROSS_ASSET4,500,stability_lcb,100,0.3676352987468763,1.4847200182380869,-0.2254024299710659,1.1170847194912106,0.3470710173298203,0.94,0.28573292501170006
P12_13,CROSS_ASSET4,1000,family_balanced,100,0.46163393499458427,1.5192795477746166,-0.2240274783905654,1.0576456127800327,0.39346094508979107,1.0,0.28707774711774714
P12_13,CROSS_ASSET4,1000,mean_fold,100,0.46486352567422573,1.5192795477746166,-0.2240274783905654,1.054416022100391,0.39529854212299737,1.0,0.28707774711774714
P12_13,CROSS_ASSET4,1000,mean_rank,100,0.3977022756293731,1.5192795477746166,-0.2240274783905654,1.121577272145244,0.3567828724775832,0.95,0.28707774711774714
P12_13,CROSS_ASSET4,1000,nested_complexity,100,0.46486352567422573,1.5192795477746166,-0.2240274783905654,1.054416022100391,0.39529854212299737,1.0,0.28707774711774714
P12_13,CROSS_ASSET4,1000,single_fold,100,0.15011086375423932,1.5192795477746166,-0.2240274783905654,1.369168684020377,0.2146014435899286,0.84,0.28707774711774714
P12_13,CROSS_ASSET4,1000,stability_lcb,100,0.4052897779342953,1.5192795477746166,-0.2240274783905654,1.1139897698403214,0.3610765736386084,0.98,0.28707774711774714
P12_13,CROSS_ASSET4,2670,diverse_ensemble,100,0.5403383896905684,1.532627145604838,-0.22431154346081783,0.9922887559142701,0.43521719790804364,1.0,0.2880294173039573
P12_13,CROSS_ASSET4,2670,family_balanced,100,0.5233968572234088,1.532627145604838,-0.22431154346081783,1.0092302883814295,0.4255745549560752,1.0,0.2880294173039573
P12_13,CROSS_ASSET4,2670,mean_fold,100,0.5233968572234088,1.532627145604838,-0.22431154346081783,1.0092302883814295,0.4255745549560752,1.0,0.2880294173039573
P12_13,CROSS_ASSET4,2670,mean_rank,100,0.38557442823951626,1.532627145604838,-0.22431154346081783,1.1470527173653218,0.347129911530762,1.0,0.2880294173039573
P12_13,CROSS_ASSET4,2670,nested_complexity,100,0.5233968572234088,1.532627145604838,-0.22431154346081783,1.0092302883814295,0.4255745549560752,1.0,0.2880294173039573
P12_13,CROSS_ASSET4,2670,single_fold,100,0.16552915475383337,1.532627145604838,-0.22431154346081783,1.367097990851004,0.22188634164688423,1.0,0.2880294173039573
P12_13,CROSS_ASSET4,2670,stability_lcb,100,0.38557442823951626,1.532627145604838,-0.22431154346081783,1.1470527173653218,0.347129911530762,1.0,0.2880294173039573
P12_13,EQ_BOND6,25,family_balanced,100,0.5757012664091318,1.1874778762691678,-0.1428144126611546,0.6117766098600359,0.5388203740592524,0.85,0.31009230769230767
P12_13,EQ_BOND6,25,mean_fold,100,0.23042121933610282,1.1874778762691678,-0.1428144126611546,0.9570566569330649,0.274001603142372,0.66,0.31009230769230767
P12_13,EQ_BOND6,25,mean_rank,100,0.15148602843954387,1.1874778762691678,-0.1428144126611546,1.0359918478296237,0.21674945252360478,0.62,0.31009230769230767
P12_13,EQ_BOND6,25,nested_complexity,100,0.23042121933610282,1.1874778762691678,-0.1428144126611546,0.9570566569330649,0.274001603142372,0.66,0.31009230769230767
P12_13,EQ_BOND6,25,single_fold,100,0.32087040865682126,1.1874778762691678,-0.1428144126611546,0.8666074676123465,0.3434314124990766,0.68,0.31009230769230767
P12_13,EQ_BOND6,25,stability_lcb,100,0.057319653978986335,1.1874778762691678,-0.1428144126611546,1.1301582222901814,0.1499365674252803,0.63,0.31009230769230767
P12_13,EQ_BOND6,100,family_balanced,100,0.7701490673249249,1.3995203249374368,-0.15179631873206337,0.629371257612512,0.5931327444711711,0.97,0.3314234623462346
P12_13,EQ_BOND6,100,mean_fold,100,0.17567185309790692,1.3995203249374368,-0.15179631873206337,1.22384847183953,0.20453178043607323,0.58,0.3314234623462346
P12_13,EQ_BOND6,100,mean_rank,100,0.04000535698211492,1.3995203249374368,-0.15179631873206337,1.359514967955322,0.12384765661503286,0.59,0.3314234623462346
P12_13,EQ_BOND6,100,nested_complexity,100,0.17567185309790692,1.3995203249374368,-0.15179631873206337,1.22384847183953,0.20453178043607323,0.58,0.3314234623462346
P12_13,EQ_BOND6,100,single_fold,100,0.5718708434742227,1.3995203249374368,-0.15179631873206337,0.8276494814632143,0.46233158309518047,0.8,0.3314234623462346
P12_13,EQ_BOND6,100,stability_lcb,100,-0.01684687742231781,1.3995203249374368,-0.15179631873206337,1.4163672023597547,0.09639563875363252,0.56,0.3314234623462346
P12_13,EQ_BOND6,500,family_balanced,100,0.673252297326596,1.5831315856541017,-0.1612653421114393,0.9098792883275059,0.4804350295575848,1.0,0.31022681914727657
P12_13,EQ_BOND6,500,mean_fold,100,0.27820902139459824,1.5831315856541017,-0.1612653421114393,1.3049225642595033,0.2543846464019376,0.67,0.31022681914727657
P12_13,EQ_BOND6,500,mean_rank,100,0.11635206926552179,1.5831315856541017,-0.1612653421114393,1.46677951638858,0.15875016710497047,0.64,0.31022681914727657
P12_13,EQ_BOND6,500,nested_complexity,100,0.27820902139459824,1.5831315856541017,-0.1612653421114393,1.3049225642595033,0.2543846464019376,0.67,0.31022681914727657
P12_13,EQ_BOND6,500,single_fold,100,0.5844233443287185,1.5831315856541017,-0.1612653421114393,0.998708241325383,0.43359739779501344,0.88,0.31022681914727657
P12_13,EQ_BOND6,500,stability_lcb,100,0.053645662566413066,1.5831315856541017,-0.1612653421114393,1.5294859230876883,0.11842110203828306,0.56,0.31022681914727657
P12_13,EQ_BOND6,1000,family_balanced,100,0.6983090063605502,1.6560308226689346,-0.15927270473140065,0.9577218163083839,0.47240903379881594,1.0,0.3106251643851644
P12_13,EQ_BOND6,1000,mean_fold,100,-0.08835805992974553,1.6560308226689346,-0.15927270473140065,1.7443888825986797,0.03916128893086676,0.53,0.3106251643851644
P12_13,EQ_BOND6,1000,mean_rank,100,0.438026773235213,1.6560308226689346,-0.15927270473140065,1.2180040494337212,0.3296686820747544,0.79,0.3106251643851644
P12_13,EQ_BOND6,1000,nested_complexity,100,-0.08835805992974553,1.6560308226689346,-0.15927270473140065,1.7443888825986797,0.03916128893086676,0.53,0.3106251643851644
P12_13,EQ_BOND6,1000,single_fold,100,0.7142921062615071,1.6560308226689346,-0.15927270473140065,0.9417387164074273,0.4862943865813307,0.88,0.3106251643851644
P12_13,EQ_BOND6,1000,stability_lcb,100,-0.14654510903115162,1.6560308226689346,-0.15927270473140065,1.802575931700086,0.0036868632440504715,0.37,0.3106251643851644
P12_13,EQ_BOND6,2670,diverse_ensemble,100,0.5132591456267216,1.7321664383330992,-0.15804175877061583,1.2189072927063769,0.35514654175447097,1.0,0.31520344934490735
P12_13,EQ_BOND6,2670,family_balanced,100,0.7708348666407712,1.7321664383330992,-0.15804175877061583,0.9613315716923273,0.4914149810770399,1.0,0.31520344934490735
P12_13,EQ_BOND6,2670,mean_fold,100,-1.3767020825036311,1.7321664383330992,-0.15804175877061583,3.10886852083673,-0.6447228012238633,0.0,0.31520344934490735
P12_13,EQ_BOND6,2670,mean_rank,100,0.841125393908853,1.7321664383330992,-0.15804175877061583,0.8910410444242456,0.5286016398672116,1.0,0.31520344934490735
P12_13,EQ_BOND6,2670,nested_complexity,100,-1.3767020825036311,1.7321664383330992,-0.15804175877061583,3.10886852083673,-0.6447228012238633,0.0,0.31520344934490735
P12_13,EQ_BOND6,2670,single_fold,100,1.1121733060972554,1.7321664383330992,-0.15804175877061583,0.6199931322358434,0.671997437538451,1.0,0.31520344934490735
P12_13,EQ_BOND6,2670,stability_lcb,100,-0.7254466461646749,1.7321664383330992,-0.15804175877061583,2.457613084497773,-0.30018115901913317,0.0,0.31520344934490735
P12_13,EQ_REAL7_LOO_TLT,25,family_balanced,100,0.57888803017087,1.3187284747489416,-0.15346394834967156,0.7398404445780719,0.5073505682030703,0.84,0.32043846153846156
P12_13,EQ_REAL7_LOO_TLT,25,mean_fold,100,0.38310543803817654,1.3187284747489416,-0.15346394834967156,0.9356230367107653,0.35776881571651914,0.74,0.32043846153846156
P12_13,EQ_REAL7_LOO_TLT,25,mean_rank,100,0.43294644641261404,1.3187284747489416,-0.15346394834967156,0.8857820283363279,0.3933262949167646,0.77,0.32043846153846156
P12_13,EQ_REAL7_LOO_TLT,25,nested_complexity,100,0.38310543803817654,1.3187284747489416,-0.15346394834967156,0.9356230367107653,0.35776881571651914,0.74,0.32043846153846156
P12_13,EQ_REAL7_LOO_TLT,25,single_fold,100,0.47281751989364695,1.3187284747489416,-0.15346394834967156,0.8459109548552951,0.43316641729996547,0.82,0.32043846153846156
P12_13,EQ_REAL7_LOO_TLT,25,stability_lcb,100,0.26307630223512907,1.3187284747489416,-0.15346394834967156,1.0556521725138128,0.298252687012728,0.72,0.32043846153846156
P12_13,EQ_REAL7_LOO_TLT,100,family_balanced,100,0.7961993730126907,1.6738316340418098,-0.17138166236633195,0.8776322610291194,0.5340738805448765,0.97,0.33322700270026995
P12_13,EQ_REAL7_LOO_TLT,100,mean_fold,100,0.5143095940704426,1.6738316340418098,-0.17138166236633195,1.1595220399713675,0.38443857570211576,0.8,0.33322700270026995
P12_13,EQ_REAL7_LOO_TLT,100,mean_rank,100,0.565603925397418,1.6738316340418098,-0.17138166236633195,1.1082277086443921,0.405908369557449,0.81,0.33322700270026995
P12_13,EQ_REAL7_LOO_TLT,100,nested_complexity,100,0.5143095940704426,1.6738316340418098,-0.17138166236633195,1.1595220399713675,0.38443857570211576,0.8,0.33322700270026995
P12_13,EQ_REAL7_LOO_TLT,100,single_fold,100,0.22340930189844438,1.6738316340418098,-0.17138166236633195,1.4504223321433656,0.21664150218411055,0.69,0.33322700270026995
P12_13,EQ_REAL7_LOO_TLT,100,stability_lcb,100,0.4715294609291976,1.6738316340418098,-0.17138166236633195,1.2023021731126124,0.35437566436468093,0.82,0.33322700270026995
P12_13,EQ_REAL7_LOO_TLT,500,family_balanced,100,0.5736543975753576,1.9841705954149658,-0.1766586826732684,1.4105161978396081,0.3484877536487415,1.0,0.31351512606050425
P12_13,EQ_REAL7_LOO_TLT,500,mean_fold,100,0.4969575626878218,1.9841705954149658,-0.1766586826732684,1.4872130327271438,0.3105709197738038,0.91,0.31351512606050425
P12_13,EQ_REAL7_LOO_TLT,500,mean_rank,100,0.6404358559367144,1.9841705954149658,-0.1766586826732684,1.3437347394782513,0.37762439745032844,0.97,0.31351512606050425
P12_13,EQ_REAL7_LOO_TLT,500,nested_complexity,100,0.4969575626878218,1.9841705954149658,-0.1766586826732684,1.4872130327271438,0.3105709197738038,0.91,0.31351512606050425
P12_13,EQ_REAL7_LOO_TLT,500,single_fold,100,-0.30239105935680044,1.9841705954149658,-0.1766586826732684,2.286561654771767,-0.058568317861360276,0.52,0.31351512606050425
P12_13,EQ_REAL7_LOO_TLT,500,stability_lcb,100,0.5472043629497406,1.9841705954149658,-0.1766586826732684,1.436966232465225,0.3337939848157383,0.89,0.31351512606050425
P12_13,EQ_REAL7_LOO_TLT,1000,family_balanced,100,0.6226817484001981,2.080370551839656,-0.17338587017402987,1.457688803439458,0.3532562827730324,1.0,0.3130465474465474
P12_13,EQ_REAL7_LOO_TLT,1000,mean_fold,100,0.6744222796077757,2.080370551839656,-0.17338587017402987,1.4059482722318806,0.3766153579234274,0.99,0.3130465474465474
P12_13,EQ_REAL7_LOO_TLT,1000,mean_rank,100,0.7475568460071319,2.080370551839656,-0.17338587017402987,1.3328137058325242,0.40904769151341874,1.0,0.3130465474465474
P12_13,EQ_REAL7_LOO_TLT,1000,nested_complexity,100,0.6744222796077757,2.080370551839656,-0.17338587017402987,1.4059482722318806,0.3766153579234274,0.99,0.3130465474465474
P12_13,EQ_REAL7_LOO_TLT,1000,single_fold,100,-0.7144173292408926,2.080370551839656,-0.17338587017402987,2.7947878810805484,-0.23991912784603464,0.29,0.3130465474465474
P12_13,EQ_REAL7_LOO_TLT,1000,stability_lcb,100,0.7748411612603394,2.080370551839656,-0.17338587017402987,1.305529390579317,0.4214196602249587,0.98,0.3130465474465474
P12_13,EQ_REAL7_LOO_TLT,2670,diverse_ensemble,100,0.8317779211491539,2.159130372087553,-0.17253289613400566,1.327352450938399,0.4307272113306408,1.0,0.3182717078878362
P12_13,EQ_REAL7_LOO_TLT,2670,family_balanced,100,0.9514652625133665,2.159130372087553,-0.17253289613400566,1.2076651095741857,0.4820585261887689,1.0,0.3182717078878362
P12_13,EQ_REAL7_LOO_TLT,2670,mean_fold,100,0.6617565174206861,2.159130372087553,-0.17253289613400566,1.4973738546668667,0.3578087045952541,1.0,0.3182717078878362
P12_13,EQ_REAL7_LOO_TLT,2670,mean_rank,100,0.6617565174206861,2.159130372087553,-0.17253289613400566,1.4973738546668667,0.3578087045952541,1.0,0.3182717078878362
P12_13,EQ_REAL7_LOO_TLT,2670,nested_complexity,100,0.6617565174206861,2.159130372087553,-0.17253289613400566,1.4973738546668667,0.3578087045952541,1.0,0.3182717078878362
P12_13,EQ_REAL7_LOO_TLT,2670,single_fold,100,-1.3485932354898327,2.159130372087553,-0.17253289613400566,3.507723607577382,-0.5043868706877429,0.0,0.3182717078878362
P12_13,EQ_REAL7_LOO_TLT,2670,stability_lcb,100,0.9514652625133665,2.159130372087553,-0.17253289613400566,1.2076651095741857,0.4820585261887689,1.0,0.3182717078878362
P12_13,FULL8,25,family_balanced,100,0.5011748159002581,1.1872348054952222,-0.1799000291519399,0.6860599895949642,0.5057814735621016,0.84,0.36778461538461543
P12_13,FULL8,25,mean_fold,100,0.4523122723866065,1.1872348054952222,-0.1799000291519399,0.7349225331086157,0.4612351884919557,0.81,0.36778461538461543
P12_13,FULL8,25,mean_rank,100,0.4001205442467418,1.1872348054952222,-0.1799000291519399,0.7871142612484805,0.4261793128007275,0.83,0.36778461538461543
P12_13,FULL8,25,nested_complexity,100,0.4523122723866065,1.1872348054952222,-0.1799000291519399,0.7349225331086157,0.4612351884919557,0.81,0.36778461538461543
P12_13,FULL8,25,single_fold,100,0.40104043775771986,1.1872348054952222,-0.1799000291519399,0.7861943677375024,0.4223624137269242,0.78,0.36778461538461543
P12_13,FULL8,25,stability_lcb,100,0.2585480976388799,1.1872348054952222,-0.1799000291519399,0.9286867078563423,0.32764988858901894,0.75,0.36778461538461543
P12_13,FULL8,100,family_balanced,100,0.7637873959585859,1.4184675143386678,-0.19464355367782932,0.6546801183800818,0.605233455943866,0.97,0.3833974197419741
P12_13,FULL8,100,mean_fold,100,0.6924448968352332,1.4184675143386678,-0.19464355367782932,0.7260226175034348,0.5529823064867183,0.91,0.3833974197419741
P12_13,FULL8,100,mean_rank,100,0.6807098785765677,1.4184675143386678,-0.19464355367782932,0.7377576357621001,0.5432650557677112,0.89,0.3833974197419741
P12_13,FULL8,100,nested_complexity,100,0.6924448968352332,1.4184675143386678,-0.19464355367782932,0.7260226175034348,0.5529823064867183,0.91,0.3833974197419741
P12_13,FULL8,100,single_fold,100,0.3893125267599418,1.4184675143386678,-0.19464355367782932,1.0291549875787263,0.363411102110081,0.8,0.3833974197419741
P12_13,FULL8,100,stability_lcb,100,0.4873736464345815,1.4184675143386678,-0.19464355367782932,0.9310938679040863,0.4237642217200473,0.82,0.3833974197419741
P12_13,FULL8,500,family_balanced,100,0.8000881328250672,1.6515215336624405,-0.19946702709185454,0.8514334008373732,0.5442598418221962,1.0,0.366580852243409
P12_13,FULL8,500,mean_fold,100,0.7804135104198412,1.6515215336624405,-0.19946702709185454,0.8711080232425992,0.5341435185747863,0.98,0.366580852243409
P12_13,FULL8,500,mean_rank,100,0.7427098904311009,1.6515215336624405,-0.19946702709185454,0.9088116432313396,0.5134984621988246,0.98,0.366580852243409
P12_13,FULL8,500,nested_complexity,100,0.7804135104198412,1.6515215336624405,-0.19946702709185454,0.8711080232425992,0.5341435185747863,0.98,0.366580852243409
P12_13,FULL8,500,single_fold,100,-0.16762964702633745,1.6515215336624405,-0.19946702709185454,1.8191511806887777,0.021795485955436452,0.59,0.366580852243409
P12_13,FULL8,500,stability_lcb,100,0.777836351674717,1.6515215336624405,-0.19946702709185454,0.8736851819877234,0.5321441814453238,0.97,0.366580852243409
P12_13,FULL8,1000,family_balanced,100,0.8337609854944863,1.7656330111188456,-0.19718189595733293,0.9318720256243594,0.5298143281859543,1.0,0.3676052340452341
P12_13,FULL8,1000,mean_fold,100,0.7097453819757419,1.7656330111188456,-0.19718189595733293,1.0558876291431039,0.4664049568840865,1.0,0.3676052340452341
P12_13,FULL8,1000,mean_rank,100,0.7300597140839998,1.7656330111188456,-0.19718189595733293,1.035573297034846,0.47629639781428085,1.0,0.3676052340452341
P12_13,FULL8,1000,nested_complexity,100,0.7097453819757419,1.7656330111188456,-0.19718189595733293,1.0558876291431039,0.4664049568840865,1.0,0.3676052340452341
P12_13,FULL8,1000,single_fold,100,-0.01984054671942955,1.7656330111188456,-0.19718189595733293,1.7854735578382757,0.10063803824532502,0.63,0.3676052340452341
P12_13,FULL8,1000,stability_lcb,100,0.753863508422648,1.7656330111188456,-0.19718189595733293,1.0117695026961977,0.48827499451565026,1.0,0.3676052340452341
P12_13,FULL8,2670,diverse_ensemble,100,1.0961284648357514,1.9427774957786423,-0.19647226356356323,0.8466490309428901,0.6042308630651777,1.0,0.3724321260248626
P12_13,FULL8,2670,family_balanced,100,0.8127289324044539,1.9427774957786423,-0.19647226356356323,1.1300485633741884,0.4717547315645533,1.0,0.3724321260248626
P12_13,FULL8,2670,mean_fold,100,0.5406748786294956,1.9427774957786423,-0.19647226356356323,1.402102617149147,0.3445820848986438,1.0,0.3724321260248626
P12_13,FULL8,2670,mean_rank,100,0.8127289324044539,1.9427774957786423,-0.19647226356356323,1.1300485633741884,0.4717547315645533,1.0,0.3724321260248626
P12_13,FULL8,2670,nested_complexity,100,0.5406748786294956,1.9427774957786423,-0.19647226356356323,1.402102617149147,0.3445820848986438,1.0,0.3724321260248626
P12_13,FULL8,2670,single_fold,100,0.5567812381814059,1.9427774957786423,-0.19647226356356323,1.3859962575972367,0.3521110606442632,1.0,0.3724321260248626
P12_13,FULL8,2670,stability_lcb,100,0.8127289324044539,1.9427774957786423,-0.19647226356356323,1.1300485633741884,0.4717547315645533,1.0,0.3724321260248626
P12_13,GLOBAL_EQ5,25,family_balanced,100,-0.35345780667900967,1.2608324287432595,-0.1148815091926756,1.6142902354222692,-0.17403031144235137,0.32,0.19026153846153845
P12_13,GLOBAL_EQ5,25,mean_fold,100,0.07577572688426348,1.2608324287432595,-0.1148815091926756,1.1850567018589961,0.12369089022042257,0.51,0.19026153846153845
P12_13,GLOBAL_EQ5,25,mean_rank,100,0.13047852922011874,1.2608324287432595,-0.1148815091926756,1.1303538995231408,0.17329744486440507,0.58,0.19026153846153845
P12_13,GLOBAL_EQ5,25,nested_complexity,100,0.07577572688426348,1.2608324287432595,-0.1148815091926756,1.1850567018589961,0.12369089022042257,0.51,0.19026153846153845
P12_13,GLOBAL_EQ5,25,single_fold,100,0.3697144514631991,1.2608324287432595,-0.1148815091926756,0.8911179772800604,0.3260192915034635,0.63,0.19026153846153845
P12_13,GLOBAL_EQ5,25,stability_lcb,100,-0.05594923687436205,1.2608324287432595,-0.1148815091926756,1.3167816656176214,0.04947104665569278,0.57,0.19026153846153845
P12_13,GLOBAL_EQ5,100,family_balanced,100,-0.08555806826658013,1.5105697744441704,-0.13060299070166445,1.5961278427107508,0.027173369834835138,0.39,0.2090772277227722
P12_13,GLOBAL_EQ5,100,mean_fold,100,-0.09667850465573792,1.5105697744441704,-0.13060299070166445,1.607248279099908,0.027387993735711987,0.46,0.2090772277227722
P12_13,GLOBAL_EQ5,100,mean_rank,100,-0.04672258896898697,1.5105697744441704,-0.13060299070166445,1.5572923634131572,0.053173535610698444,0.55,0.2090772277227722
P12_13,GLOBAL_EQ5,100,nested_complexity,100,-0.09667850465573792,1.5105697744441704,-0.13060299070166445,1.607248279099908,0.027387993735711987,0.46,0.2090772277227722
P12_13,GLOBAL_EQ5,100,single_fold,100,0.24576916753631178,1.5105697744441704,-0.13060299070166445,1.2648006069078586,0.22994742618725397,0.53,0.2090772277227722
P12_13,GLOBAL_EQ5,100,stability_lcb,100,-0.13014810962588952,1.5105697744441704,-0.13060299070166445,1.6407178840700598,0.007400390994176843,0.5,0.2090772277227722
P12_13,GLOBAL_EQ5,500,family_balanced,100,0.26652778517220294,1.6789350685050402,-0.1438698548924882,1.4124072833328376,0.22891739288586557,0.55,0.18380598610394439
P12_13,GLOBAL_EQ5,500,mean_fold,100,-0.34613077839851636,1.6789350685050402,-0.1438698548924882,2.025065846903557,-0.10910263016315437,0.44,0.18380598610394439
P12_13,GLOBAL_EQ5,500,mean_rank,100,-0.21646823230323764,1.6789350685050402,-0.1438698548924882,1.8954033008082782,-0.03789413601984096,0.47,0.18380598610394439
P12_13,GLOBAL_EQ5,500,nested_complexity,100,-0.34613077839851636,1.6789350685050402,-0.1438698548924882,2.025065846903557,-0.10910263016315437,0.44,0.18380598610394439
P12_13,GLOBAL_EQ5,500,single_fold,100,-0.006344096816154895,1.6789350685050402,-0.1438698548924882,1.6852791653211954,0.07614103365445989,0.34,0.18380598610394439
P12_13,GLOBAL_EQ5,500,stability_lcb,100,-0.19588270052128426,1.6789350685050402,-0.1438698548924882,1.8748177690263248,-0.027911529470346377,0.33,0.18380598610394439
P12_13,GLOBAL_EQ5,1000,family_balanced,100,0.5620167782411897,1.7309951403016621,-0.14108137659394582,1.1689783620604721,0.38049701154621096,0.68,0.18148018636018637
P12_13,GLOBAL_EQ5,1000,mean_fold,100,-0.5300676841026317,1.7309951403016621,-0.14108137659394582,2.2610628244042936,-0.2084516567487569,0.36,0.18148018636018637
P12_13,GLOBAL_EQ5,1000,mean_rank,100,-0.03366838708935035,1.7309951403016621,-0.14108137659394582,1.7646635273910123,0.05643772516046948,0.53,0.18148018636018637
P12_13,GLOBAL_EQ5,1000,nested_complexity,100,-0.5300676841026317,1.7309951403016621,-0.14108137659394582,2.2610628244042936,-0.2084516567487569,0.36,0.18148018636018637
P12_13,GLOBAL_EQ5,1000,single_fold,100,-0.01068112638928826,1.7309951403016621,-0.14108137659394582,1.74167626669095,0.06929111221161056,0.34,0.18148018636018637
P12_13,GLOBAL_EQ5,1000,stability_lcb,100,-0.24893264014452762,1.7309951403016621,-0.14108137659394582,1.9799277804461894,-0.05789015370398685,0.17,0.18148018636018637
P12_13,GLOBAL_EQ5,2670,diverse_ensemble,100,-0.16261918659536054,1.7789864873835737,-0.1397201019001159,1.9416056739789338,-0.011934646403540812,0.0,0.18729535015532778
P12_13,GLOBAL_EQ5,2670,family_balanced,100,1.3848335596652854,1.7789864873835737,-0.1397201019001159,0.394152927718288,0.7945736310493219,1.0,0.18729535015532778
P12_13,GLOBAL_EQ5,2670,mean_fold,100,-1.267271583466211,1.7789864873835737,-0.1397201019001159,3.0462580708497837,-0.5876622761727439,0.0,0.18729535015532778
P12_13,GLOBAL_EQ5,2670,mean_rank,100,1.0162474084432203,1.7789864873835737,-0.1397201019001159,0.7627390789403532,0.6024722679327918,1.0,0.18729535015532778
P12_13,GLOBAL_EQ5,2670,nested_complexity,100,-1.267271583466211,1.7789864873835737,-0.1397201019001159,3.0462580708497837,-0.5876622761727439,0.0,0.18729535015532778
P12_13,GLOBAL_EQ5,2670,single_fold,100,-0.022451471815308613,1.7789864873835737,-0.1397201019001159,1.8014379591988825,0.06111858412316559,0.0,0.18729535015532778
P12_13,GLOBAL_EQ5,2670,stability_lcb,100,-0.7016359831453914,1.7789864873835737,-0.1397201019001159,2.480622470528964,-0.292861808253369,0.0,0.18729535015532778
P12_13,LOO_DBC,25,family_balanced,100,0.649978097563162,1.2407569768201316,-0.16000418288875665,0.5907788792569696,0.5771245131465128,0.9,0.41126923076923083
P12_13,LOO_DBC,25,mean_fold,100,0.5730314705526456,1.2407569768201316,-0.16000418288875665,0.6677255062674858,0.5142722362498866,0.87,0.41126923076923083
P12_13,LOO_DBC,25,mean_rank,100,0.4999498682469947,1.2407569768201316,-0.16000418288875665,0.7408071085731365,0.4795651561490868,0.84,0.41126923076923083
P12_13,LOO_DBC,25,nested_complexity,100,0.5730314705526456,1.2407569768201316,-0.16000418288875665,0.6677255062674858,0.5142722362498866,0.87,0.41126923076923083
P12_13,LOO_DBC,25,single_fold,100,0.39774947582786113,1.2407569768201316,-0.16000418288875665,0.8430075009922703,0.398009187401995,0.74,0.41126923076923083
P12_13,LOO_DBC,25,stability_lcb,100,0.3981908059450206,1.2407569768201316,-0.16000418288875665,0.8425661708751109,0.40147342243633444,0.78,0.41126923076923083
P12_13,LOO_DBC,100,family_balanced,100,0.8273316940395178,1.4265246841943975,-0.17043653550137514,0.5991929901548797,0.6255018246979234,1.0,0.42227230723072295
P12_13,LOO_DBC,100,mean_fold,100,0.7234268823690335,1.4265246841943975,-0.17043653550137514,0.703097801825364,0.5569032862010437,0.92,0.42227230723072295
P12_13,LOO_DBC,100,mean_rank,100,0.7176233964529557,1.4265246841943975,-0.17043653550137514,0.7089012877414418,0.5536465359503641,0.92,0.42227230723072295
P12_13,LOO_DBC,100,nested_complexity,100,0.7234268823690335,1.4265246841943975,-0.17043653550137514,0.703097801825364,0.5569032862010437,0.92,0.42227230723072295
P12_13,LOO_DBC,100,single_fold,100,0.5470573383560603,1.4265246841943975,-0.17043653550137514,0.8794673458383372,0.4507102532302987,0.87,0.42227230723072295
P12_13,LOO_DBC,100,stability_lcb,100,0.6833740027335048,1.4265246841943975,-0.17043653550137514,0.7431506814608921,0.5338062504973212,0.9,0.42227230723072295
P12_13,LOO_DBC,500,family_balanced,100,0.9770804857040427,1.5652435278777397,-0.17679055230234153,0.5881630421736967,0.6622195667025733,1.0,0.40551077340309355
P12_13,LOO_DBC,500,mean_fold,100,0.9690232112876938,1.5652435278777397,-0.17679055230234153,0.5962203165900458,0.6572993481071758,1.0,0.40551077340309355
P12_13,LOO_DBC,500,mean_rank,100,0.9961466818891822,1.5652435278777397,-0.17679055230234153,0.5690968459885571,0.6729641561682808,1.0,0.40551077340309355
P12_13,LOO_DBC,500,nested_complexity,100,0.9690232112876938,1.5652435278777397,-0.17679055230234153,0.5962203165900458,0.6572993481071758,1.0,0.40551077340309355
P12_13,LOO_DBC,500,single_fold,100,0.19332638209949984,1.5652435278777397,-0.17679055230234153,1.3719171457782398,0.21584792648573342,0.83,0.40551077340309355
P12_13,LOO_DBC,500,stability_lcb,100,0.9685421596322604,1.5652435278777397,-0.17679055230234153,0.596701368245479,0.6574470385400646,0.99,0.40551077340309355
P12_13,LOO_DBC,1000,family_balanced,100,1.0655216895584918,1.6093251617667732,-0.17482546102882818,0.5438034722082811,0.6949135309160163,1.0,0.4063507466707466
P12_13,LOO_DBC,1000,mean_fold,100,1.0301944414369968,1.6093251617667732,-0.17482546102882818,0.5791307203297763,0.6755342255240815,1.0,0.4063507466707466
P12_13,LOO_DBC,1000,mean_rank,100,1.02594858024686,1.6093251617667732,-0.17482546102882818,0.5833765815199128,0.6732534411561553,1.0,0.4063507466707466
P12_13,LOO_DBC,1000,nested_complexity,100,1.0301944414369968,1.6093251617667732,-0.17482546102882818,0.5791307203297763,0.6755342255240815,1.0,0.4063507466707466
P12_13,LOO_DBC,1000,single_fold,100,0.3099847730412182,1.6093251617667732,-0.17482546102882818,1.2993403887255548,0.2730216178767886,0.95,0.4063507466707466
P12_13,LOO_DBC,1000,stability_lcb,100,1.0252208698741325,1.6093251617667732,-0.17482546102882818,0.5841042918926402,0.672843769746128,1.0,0.4063507466707466
P12_13,LOO_DBC,2670,diverse_ensemble,100,1.2358207372456622,1.6548261920235297,-0.17354034704383037,0.4190054547778672,0.7708307137410205,1.0,0.4115127328067432
P12_13,LOO_DBC,2670,family_balanced,100,1.0927828482106787,1.6548261920235297,-0.17354034704383037,0.5620433438128504,0.692598102293238,1.0,0.4115127328067432
P12_13,LOO_DBC,2670,mean_fold,100,1.0927828482106787,1.6548261920235297,-0.17354034704383037,0.5620433438128504,0.692598102293238,1.0,0.4115127328067432
P12_13,LOO_DBC,2670,mean_rank,100,1.0927828482106787,1.6548261920235297,-0.17354034704383037,0.5620433438128504,0.692598102293238,1.0,0.4115127328067432
P12_13,LOO_DBC,2670,nested_complexity,100,1.0927828482106787,1.6548261920235297,-0.17354034704383037,0.5620433438128504,0.692598102293238,1.0,0.4115127328067432
P12_13,LOO_DBC,2670,single_fold,100,0.0935343846829328,1.6548261920235297,-0.17354034704383037,1.561291807340597,0.1460728612234375,1.0,0.4115127328067432
P12_13,LOO_DBC,2670,stability_lcb,100,1.0927828482106787,1.6548261920235297,-0.17354034704383037,0.5620433438128504,0.692598102293238,1.0,0.4115127328067432
P12_13,LOO_EEM,25,family_balanced,100,0.6243232933677748,1.4320065083270799,-0.16823047101486613,0.8076832149593056,0.5080741360062786,0.9,0.42689230769230785
P12_13,LOO_EEM,25,mean_fold,100,0.596061894994213,1.4320065083270799,-0.16823047101486613,0.8359446133328673,0.48322795668555607,0.87,0.42689230769230785
P12_13,LOO_EEM,25,mean_rank,100,0.6349079724109307,1.4320065083270799,-0.16823047101486613,0.7970985359161499,0.5093732563763738,0.89,0.42689230769230785
P12_13,LOO_EEM,25,nested_complexity,100,0.596061894994213,1.4320065083270799,-0.16823047101486613,0.8359446133328673,0.48322795668555607,0.87,0.42689230769230785
P12_13,LOO_EEM,25,single_fold,100,0.5582601195029846,1.4320065083270799,-0.16823047101486613,0.8737463888240958,0.4677201513731446,0.86,0.42689230769230785
P12_13,LOO_EEM,25,stability_lcb,100,0.49538266719426544,1.4320065083270799,-0.16823047101486613,0.9366238411328149,0.4175652510078798,0.8,0.42689230769230785
P12_13,LOO_EEM,100,family_balanced,100,0.9278982395578006,1.7215325420041612,-0.1830701046829069,0.7936343024463608,0.5884216200654773,1.0,0.4438882688268827
P12_13,LOO_EEM,100,mean_fold,100,0.9097105994701168,1.7215325420041612,-0.1830701046829069,0.8118219425340449,0.5775031032571116,0.98,0.4438882688268827
P12_13,LOO_EEM,100,mean_rank,100,0.8977910049321542,1.7215325420041612,-0.1830701046829069,0.8237415370720074,0.5691978631079073,0.97,0.4438882688268827
P12_13,LOO_EEM,100,nested_complexity,100,0.9097105994701168,1.7215325420041612,-0.1830701046829069,0.8118219425340449,0.5775031032571116,0.98,0.4438882688268827
P12_13,LOO_EEM,100,single_fold,100,0.7368455411083714,1.7215325420041612,-0.1830701046829069,0.98468700089579,0.4848169343275302,0.92,0.4438882688268827
P12_13,LOO_EEM,100,stability_lcb,100,0.8413116864911249,1.7215325420041612,-0.1830701046829069,0.8802208555130369,0.5373073618552516,0.92,0.4438882688268827
P12_13,LOO_EEM,500,family_balanced,100,1.0213944370945292,1.9388600413360835,-0.18777353375449315,0.9174656042415549,0.5686320336392962,1.0,0.42222277561110244
P12_13,LOO_EEM,500,mean_fold,100,0.9316673869033483,1.9388600413360835,-0.18777353375449315,1.0071926544327359,0.5262397762939167,1.0,0.42222277561110244
P12_13,LOO_EEM,500,mean_rank,100,0.9542863360560829,1.9388600413360835,-0.18777353375449315,0.9845737052800009,0.5368948669131259,1.0,0.42222277561110244
P12_13,LOO_EEM,500,nested_complexity,100,0.9316673869033483,1.9388600413360835,-0.18777353375449315,1.0071926544327359,0.5262397762939167,1.0,0.42222277561110244
P12_13,LOO_EEM,500,single_fold,100,0.6286612965765181,1.9388600413360835,-0.18777353375449315,1.3101987447595655,0.38349873407865914,1.0,0.42222277561110244
P12_13,LOO_EEM,500,stability_lcb,100,0.9197691072787552,1.9388600413360835,-0.18777353375449315,1.0190909340573289,0.5208185622426889,0.99,0.42222277561110244
P12_13,LOO_EEM,1000,family_balanced,100,0.9339205265080044,1.9622157218106735,-0.18562902320219402,1.0282951953026698,0.5211385852167645,1.0,0.4250153144153143
P12_13,LOO_EEM,1000,mean_fold,100,0.8767296665066513,1.9622157218106735,-0.18562902320219402,1.0854860553040229,0.4946312620947413,1.0,0.4250153144153143
P12_13,LOO_EEM,1000,mean_rank,100,0.8638333117439072,1.9622157218106735,-0.18562902320219402,1.098382410066767,0.48860716256859715,1.0,0.4250153144153143
P12_13,LOO_EEM,1000,nested_complexity,100,0.8767296665066513,1.9622157218106735,-0.18562902320219402,1.0854860553040229,0.4946312620947413,1.0,0.4250153144153143
P12_13,LOO_EEM,1000,single_fold,100,0.5867455433789237,1.9622157218106735,-0.18562902320219402,1.3754701784317502,0.35943415711827037,1.0,0.4250153144153143
P12_13,LOO_EEM,1000,stability_lcb,100,0.8804310298960653,1.9622157218106735,-0.18562902320219402,1.081784691914609,0.49634809974929395,1.0,0.4250153144153143
P12_13,LOO_EEM,2670,diverse_ensemble,100,0.7463816994350253,1.9653970008429373,-0.18493148116886338,1.2190153014079124,0.4331027507632564,1.0,0.4280121100440473
P12_13,LOO_EEM,2670,family_balanced,100,0.9436505584451641,1.9653970008429373,-0.18493148116886338,1.021746442397774,0.5248416923530445,1.0,0.4280121100440473
P12_13,LOO_EEM,2670,mean_fold,100,0.9436505584451641,1.9653970008429373,-0.18493148116886338,1.021746442397774,0.5248416923530445,1.0,0.4280121100440473
P12_13,LOO_EEM,2670,mean_rank,100,0.7707284515946856,1.9653970008429373,-0.18493148116886338,1.1946685492482525,0.44442509168155253,1.0,0.4280121100440473
P12_13,LOO_EEM,2670,nested_complexity,100,0.9436505584451641,1.9653970008429373,-0.18493148116886338,1.021746442397774,0.5248416923530445,1.0,0.4280121100440473
P12_13,LOO_EEM,2670,single_fold,100,0.6138890180081165,1.9653970008429373,-0.18493148116886338,1.3515079828348215,0.3714876614709677,1.0,0.4280121100440473
P12_13,LOO_EEM,2670,stability_lcb,100,0.9436505584451641,1.9653970008429373,-0.18493148116886338,1.021746442397774,0.5248416923530445,1.0,0.4280121100440473
P12_13,LOO_EFA,25,family_balanced,100,0.5661638644283614,1.2576162753231637,-0.17605947541796949,0.6914524108948024,0.5221590111882912,0.88,0.3961692307692307
P12_13,LOO_EFA,25,mean_fold,100,0.5754396233346949,1.2576162753231637,-0.17605947541796949,0.682176651988469,0.5237731691516789,0.89,0.3961692307692307
P12_13,LOO_EFA,25,mean_rank,100,0.5712951145915528,1.2576162753231637,-0.17605947541796949,0.686321160731611,0.5215739791434878,0.9,0.3961692307692307
P12_13,LOO_EFA,25,nested_complexity,100,0.5754396233346949,1.2576162753231637,-0.17605947541796949,0.682176651988469,0.5237731691516789,0.89,0.3961692307692307
P12_13,LOO_EFA,25,single_fold,100,0.4198384404777436,1.2576162753231637,-0.17605947541796949,0.83777783484542,0.4140011822848869,0.81,0.3961692307692307
P12_13,LOO_EFA,25,stability_lcb,100,0.4910631091646723,1.2576162753231637,-0.17605947541796949,0.7665531661584915,0.4708311749420496,0.84,0.3961692307692307
P12_13,LOO_EFA,100,family_balanced,100,0.8615222582502703,1.449316530953853,-0.18955606893499075,0.5877942727035831,0.6474980323763003,0.98,0.40421194119411935
P12_13,LOO_EFA,100,mean_fold,100,0.8581350209423227,1.449316530953853,-0.18955606893499075,0.5911815100115306,0.6426496230701109,0.97,0.40421194119411935
P12_13,LOO_EFA,100,mean_rank,100,0.9033706016325219,1.449316530953853,-0.18955606893499075,0.5459459293213312,0.6675275037969921,0.98,0.40421194119411935
P12_13,LOO_EFA,100,nested_complexity,100,0.8581350209423227,1.449316530953853,-0.18955606893499075,0.5911815100115306,0.6426496230701109,0.97,0.40421194119411935
P12_13,LOO_EFA,100,single_fold,100,0.30102493081852744,1.449316530953853,-0.18955606893499075,1.1482916001353258,0.29429357670440753,0.81,0.40421194119411935
P12_13,LOO_EFA,100,stability_lcb,100,0.8362621840372947,1.449316530953853,-0.18955606893499075,0.6130543469165586,0.6292963296438525,0.95,0.40421194119411935
P12_13,LOO_EFA,500,family_balanced,100,0.9617198607482383,1.5882999733580383,-0.1933843487417013,0.6265801126098,0.6486540553440725,1.0,0.38934126552506215
P12_13,LOO_EFA,500,mean_fold,100,0.8884695092598893,1.5882999733580383,-0.1933843487417013,0.6998304640981492,0.6085512641935875,1.0,0.38934126552506215
P12_13,LOO_EFA,500,mean_rank,100,0.8960482110824324,1.5882999733580383,-0.1933843487417013,0.6922517622756061,0.6128155402227875,1.0,0.38934126552506215
P12_13,LOO_EFA,500,nested_complexity,100,0.8884695092598893,1.5882999733580383,-0.1933843487417013,0.6998304640981492,0.6085512641935875,1.0,0.38934126552506215
P12_13,LOO_EFA,500,single_fold,100,-0.4101814790121465,1.5882999733580383,-0.1933843487417013,1.9984814523701846,-0.11938430588541657,0.49,0.38934126552506215
P12_13,LOO_EFA,500,stability_lcb,100,0.8815642392075341,1.5882999733580383,-0.1933843487417013,0.7067357341505044,0.6041211227790201,0.99,0.38934126552506215
P12_13,LOO_EFA,1000,family_balanced,100,0.8666278878039074,1.6324021601706957,-0.19153311610166468,0.7657742723667882,0.5808622245957733,1.0,0.39177005433005424
P12_13,LOO_EFA,1000,mean_fold,100,0.7810992453180012,1.6324021601706957,-0.19153311610166468,0.8513029148526944,0.5340902349985802,1.0,0.39177005433005424
P12_13,LOO_EFA,1000,mean_rank,100,0.7753000757792043,1.6324021601706957,-0.19153311610166468,0.8571020843914914,0.5309130872134719,1.0,0.39177005433005424
P12_13,LOO_EFA,1000,nested_complexity,100,0.7810992453180012,1.6324021601706957,-0.19153311610166468,0.8513029148526944,0.5340902349985802,1.0,0.39177005433005424
P12_13,LOO_EFA,1000,single_fold,100,-0.7810134571554487,1.6324021601706957,-0.19153311610166468,2.413415617326144,-0.3243523586132836,0.31,0.39177005433005424
P12_13,LOO_EFA,1000,stability_lcb,100,0.8291018488549229,1.6324021601706957,-0.19153311610166468,0.8033003113157726,0.5604557940603399,1.0,0.39177005433005424
P12_13,LOO_EFA,2670,diverse_ensemble,100,0.9925165749989827,1.735967346607959,-0.19057314768272293,0.7434507716089762,0.6141006255450128,1.0,0.3963068573059561
P12_13,LOO_EFA,2670,family_balanced,100,0.8608083086418076,1.735967346607959,-0.19057314768272293,0.8751590379661515,0.5457354566074826,1.0,0.3963068573059561
P12_13,LOO_EFA,2670,mean_fold,100,0.8608083086418076,1.735967346607959,-0.19057314768272293,0.8751590379661515,0.5457354566074826,1.0,0.3963068573059561
P12_13,LOO_EFA,2670,mean_rank,100,0.7494589397549367,1.735967346607959,-0.19057314768272293,0.9865084068530215,0.4879378815153135,1.0,0.3963068573059561
P12_13,LOO_EFA,2670,nested_complexity,100,0.8608083086418076,1.735967346607959,-0.19057314768272293,0.8751590379661515,0.5457354566074826,1.0,0.3963068573059561
P12_13,LOO_EFA,2670,single_fold,100,-1.617277977925794,1.735967346607959,-0.19057314768272293,3.353245324533753,-0.7405527340178536,0.0,0.3963068573059561
P12_13,LOO_EFA,2670,stability_lcb,100,0.8608083086418076,1.735967346607959,-0.19057314768272293,0.8751590379661515,0.5457354566074826,1.0,0.3963068573059561
P12_13,LOO_GLD,25,family_balanced,100,0.42165022818431497,1.1165905025310452,-0.16936341582401332,0.69494027434673,0.4613956468771206,0.69,0.2598307692307692
P12_13,LOO_GLD,25,mean_fold,100,0.2189150554523133,1.1165905025310452,-0.16936341582401332,0.8976754470787318,0.29808682523356095,0.63,0.2598307692307692
P12_13,LOO_GLD,25,mean_rank,100,0.21428253298921407,1.1165905025310452,-0.16936341582401332,0.902307969541831,0.3061534264054663,0.62,0.2598307692307692
P12_13,LOO_GLD,25,nested_complexity,100,0.2189150554523133,1.1165905025310452,-0.16936341582401332,0.8976754470787318,0.29808682523356095,0.63,0.2598307692307692
P12_13,LOO_GLD,25,single_fold,100,0.34383636950558105,1.1165905025310452,-0.16936341582401332,0.7727541330254639,0.39362630173298896,0.68,0.2598307692307692
P12_13,LOO_GLD,25,stability_lcb,100,0.0057978127081298025,1.1165905025310452,-0.16936341582401332,1.110792689822915,0.14843736163663326,0.56,0.2598307692307692
P12_13,LOO_GLD,100,family_balanced,100,0.7219950097941726,1.3186485639771022,-0.1840636786783034,0.5966535541829294,0.6046040754820704,0.89,0.28031023102310226
P12_13,LOO_GLD,100,mean_fold,100,0.31619758216561505,1.3186485639771022,-0.1840636786783034,1.0024509818114868,0.33371510424867656,0.69,0.28031023102310226
P12_13,LOO_GLD,100,mean_rank,100,0.22016839943778976,1.3186485639771022,-0.1840636786783034,1.098480164539312,0.27591471456148314,0.65,0.28031023102310226
P12_13,LOO_GLD,100,nested_complexity,100,0.31619758216561505,1.3186485639771022,-0.1840636786783034,1.0024509818114868,0.33371510424867656,0.69,0.28031023102310226
P12_13,LOO_GLD,100,single_fold,100,0.5182983367890225,1.3186485639771022,-0.1840636786783034,0.8003502271880792,0.4640190747674764,0.81,0.28031023102310226
P12_13,LOO_GLD,100,stability_lcb,100,0.044656784872798345,1.3186485639771022,-0.1840636786783034,1.2739917791043034,0.15818815599293806,0.6,0.28031023102310226
P12_13,LOO_GLD,500,family_balanced,100,0.5481945737816427,1.4785154897981807,-0.19093038744366514,0.9303209160165378,0.4439807269963287,0.81,0.25987657038628154
P12_13,LOO_GLD,500,mean_fold,100,0.10329561863981271,1.4785154897981807,-0.19093038744366514,1.3752198711583676,0.17539172240752973,0.71,0.25987657038628154
P12_13,LOO_GLD,500,mean_rank,100,0.050832095525786485,1.4785154897981807,-0.19093038744366514,1.4276833942723937,0.14284204454020316,0.7,0.25987657038628154
P12_13,LOO_GLD,500,nested_complexity,100,0.10329561863981271,1.4785154897981807,-0.19093038744366514,1.3752198711583676,0.17539172240752973,0.71,0.25987657038628154
P12_13,LOO_GLD,500,single_fold,100,0.32280832749382216,1.4785154897981807,-0.19093038744366514,1.1557071623043584,0.3156151761078813,0.74,0.25987657038628154
P12_13,LOO_GLD,500,stability_lcb,100,0.11107460968377728,1.4785154897981807,-0.19093038744366514,1.3674408801144031,0.17783182107560258,0.7,0.25987657038628154
P12_13,LOO_GLD,1000,family_balanced,100,0.49037163875550194,1.5536206599382738,-0.18838686125520446,1.0632490211827714,0.3906898631214071,0.93,0.26101408573408574
P12_13,LOO_GLD,1000,mean_fold,100,0.025591762904258807,1.5536206599382738,-0.18838686125520446,1.5280288970340146,0.1253526218654552,0.72,0.26101408573408574
P12_13,LOO_GLD,1000,mean_rank,100,0.017005145720449626,1.5536206599382738,-0.18838686125520446,1.5366155142178237,0.12044814846941582,0.72,0.26101408573408574
P12_13,LOO_GLD,1000,nested_complexity,100,0.025591762904258807,1.5536206599382738,-0.18838686125520446,1.5280288970340146,0.1253526218654552,0.72,0.26101408573408574
P12_13,LOO_GLD,1000,single_fold,100,0.6745561260993721,1.5536206599382738,-0.18838686125520446,0.8790645338389015,0.49921178814719075,0.89,0.26101408573408574
P12_13,LOO_GLD,1000,stability_lcb,100,0.3848958091512701,1.5536206599382738,-0.18838686125520446,1.1687248507870036,0.33405892663156,0.88,0.26101408573408574
P12_13,LOO_GLD,2670,diverse_ensemble,100,0.09219566316882513,1.681493881635191,-0.1877716000930572,1.5892982184663642,0.14977394382901457,1.0,0.2652795684757164
P12_13,LOO_GLD,2670,family_balanced,100,0.4436865673732297,1.681493881635191,-0.1877716000930572,1.2378073142619603,0.337810853321095,1.0,0.2652795684757164
P12_13,LOO_GLD,2670,mean_fold,100,0.6305624013217869,1.681493881635191,-0.1877716000930572,1.0509314803134038,0.43778372275844163,1.0,0.2652795684757164
P12_13,LOO_GLD,2670,mean_rank,100,0.6305624013217869,1.681493881635191,-0.1877716000930572,1.0509314803134038,0.43778372275844163,1.0,0.2652795684757164
P12_13,LOO_GLD,2670,nested_complexity,100,0.6305624013217869,1.681493881635191,-0.1877716000930572,1.0509314803134038,0.43778372275844163,1.0,0.2652795684757164
P12_13,LOO_GLD,2670,single_fold,100,1.1465931138835506,1.681493881635191,-0.1877716000930572,0.5349007677516402,0.7138444094858626,1.0,0.2652795684757164
P12_13,LOO_GLD,2670,stability_lcb,100,0.22965535294289008,1.681493881635191,-0.1877716000930572,1.4518385286922995,0.2233106838574963,1.0,0.2652795684757164
P12_13,LOO_IWM,25,family_balanced,100,0.43497372842671855,1.0610859824230765,-0.19107173679730066,0.6261122539963582,0.5091742812006678,0.81,0.3677461538461539
P12_13,LOO_IWM,25,mean_fold,100,0.37540358453458167,1.0610859824230765,-0.19107173679730066,0.6856823978884948,0.45218799039571,0.8,0.3677461538461539
P12_13,LOO_IWM,25,mean_rank,100,0.29696943301818807,1.0610859824230765,-0.19107173679730066,0.7641165494048886,0.3979283784124344,0.8,0.3677461538461539
P12_13,LOO_IWM,25,nested_complexity,100,0.37540358453458167,1.0610859824230765,-0.19107173679730066,0.6856823978884948,0.45218799039571,0.8,0.3677461538461539
P12_13,LOO_IWM,25,single_fold,100,0.3427538088711728,1.0610859824230765,-0.19107173679730066,0.7183321735519036,0.42184699511380175,0.79,0.3677461538461539
P12_13,LOO_IWM,25,stability_lcb,100,0.16561484978319707,1.0610859824230765,-0.19107173679730066,0.8954711326398794,0.2966862353282286,0.71,0.3677461538461539
P12_13,LOO_IWM,100,family_balanced,100,0.5927240122259998,1.263217426418381,-0.20337140517930494,0.6704934141923813,0.5508759336362009,0.94,0.376593219321932
P12_13,LOO_IWM,100,mean_fold,100,0.5941725530761581,1.263217426418381,-0.20337140517930494,0.6690448733422228,0.5479781198045791,0.94,0.376593219321932
P12_13,LOO_IWM,100,mean_rank,100,0.5754988208869386,1.263217426418381,-0.20337140517930494,0.6877186055314425,0.5322713490947116,0.9,0.376593219321932
P12_13,LOO_IWM,100,nested_complexity,100,0.5941725530761581,1.263217426418381,-0.20337140517930494,0.6690448733422228,0.5479781198045791,0.94,0.376593219321932
P12_13,LOO_IWM,100,single_fold,100,0.36499082337196376,1.263217426418381,-0.20337140517930494,0.8982266030464171,0.3833630624017774,0.82,0.376593219321932
P12_13,LOO_IWM,100,stability_lcb,100,0.4435080268564404,1.263217426418381,-0.20337140517930494,0.8197093995619406,0.4419189870699837,0.85,0.376593219321932
P12_13,LOO_IWM,500,family_balanced,100,0.7212650752681371,1.4054601638956532,-0.20483658481992087,0.6841950886275159,0.5747780717856346,1.0,0.3595315334861339
P12_13,LOO_IWM,500,mean_fold,100,0.7315224670679352,1.4054601638956532,-0.20483658481992087,0.6739376968277178,0.5812988815933237,0.98,0.3595315334861339
P12_13,LOO_IWM,500,mean_rank,100,0.6543418062811748,1.4054601638956532,-0.20483658481992087,0.7511183576144781,0.5334501818646971,0.98,0.3595315334861339
P12_13,LOO_IWM,500,nested_complexity,100,0.7315224670679352,1.4054601638956532,-0.20483658481992087,0.6739376968277178,0.5812988815933237,0.98,0.3595315334861339
P12_13,LOO_IWM,500,single_fold,100,0.19847058723419814,1.4054601638956532,-0.20483658481992087,1.2069895766614551,0.25082459141475294,0.78,0.3595315334861339
P12_13,LOO_IWM,500,stability_lcb,100,0.7179054255178835,1.4054601638956532,-0.20483658481992087,0.6875547383777696,0.5735848300536435,0.96,0.3595315334861339
P12_13,LOO_IWM,1000,family_balanced,100,0.7303390800155419,1.4292854761918137,-0.2022754699596231,0.6989463961762715,0.5715593986688341,1.0,0.36042820878820875
P12_13,LOO_IWM,1000,mean_fold,100,0.771709612409818,1.4292854761918137,-0.2022754699596231,0.6575758637819956,0.5970154798554271,1.0,0.36042820878820875
P12_13,LOO_IWM,1000,mean_rank,100,0.6185928662687146,1.4292854761918137,-0.2022754699596231,0.8106926099230988,0.5031630212477332,1.0,0.36042820878820875
P12_13,LOO_IWM,1000,nested_complexity,100,0.771709612409818,1.4292854761918137,-0.2022754699596231,0.6575758637819956,0.5970154798554271,1.0,0.36042820878820875
P12_13,LOO_IWM,1000,single_fold,100,0.3241994750897907,1.4292854761918137,-0.2022754699596231,1.1050860011020227,0.32255719733707233,0.81,0.36042820878820875
P12_13,LOO_IWM,1000,stability_lcb,100,0.7727636742558812,1.4292854761918137,-0.2022754699596231,0.6565218019359326,0.5975886307168885,1.0,0.36042820878820875
P12_13,LOO_IWM,2670,diverse_ensemble,100,0.7237855471755874,1.4455487683974595,-0.20199055538076613,0.7217632212218722,0.5619144193980842,1.0,0.36482747860094344
P12_13,LOO_IWM,2670,family_balanced,100,0.652024741615145,1.4455487683974595,-0.20199055538076613,0.7935240267823143,0.5183580656742305,1.0,0.36482747860094344
P12_13,LOO_IWM,2670,mean_fold,100,0.9177335331423768,1.4455487683974595,-0.20199055538076613,0.527815235255083,0.6796342110701984,1.0,0.36482747860094344
P12_13,LOO_IWM,2670,mean_rank,100,0.652024741615145,1.4455487683974595,-0.20199055538076613,0.7935240267823143,0.5183580656742305,1.0,0.36482747860094344
P12_13,LOO_IWM,2670,nested_complexity,100,0.9177335331423768,1.4455487683974595,-0.20199055538076613,0.527815235255083,0.6796342110701984,1.0,0.36482747860094344
P12_13,LOO_IWM,2670,single_fold,100,0.5461563211053572,1.4455487683974595,-0.20199055538076613,0.8993924472921024,0.45409955664695906,1.0,0.36482747860094344
P12_13,LOO_IWM,2670,stability_lcb,100,0.9177335331423768,1.4455487683974595,-0.20199055538076613,0.527815235255083,0.6796342110701984,1.0,0.36482747860094344
P12_13,LOO_QQQ,25,family_balanced,100,0.2981918386008419,0.9661002728528401,-0.21038536854606388,0.667908434251998,0.44038612182592957,0.74,0.29750000000000004
P12_13,LOO_QQQ,25,mean_fold,100,0.2645079746278973,0.9661002728528401,-0.21038536854606388,0.7015922982249427,0.40547323773239363,0.7,0.29750000000000004
P12_13,LOO_QQQ,25,mean_rank,100,0.18124727191357717,0.9661002728528401,-0.21038536854606388,0.7848530009392627,0.33601654452142304,0.68,0.29750000000000004
P12_13,LOO_QQQ,25,nested_complexity,100,0.2645079746278973,0.9661002728528401,-0.21038536854606388,0.7015922982249427,0.40547323773239363,0.7,0.29750000000000004
P12_13,LOO_QQQ,25,single_fold,100,0.18387669742548204,0.9661002728528401,-0.21038536854606388,0.7822235754273579,0.3322368018393608,0.67,0.29750000000000004
P12_13,LOO_QQQ,25,stability_lcb,100,0.16039293143756558,0.9661002728528401,-0.21038536854606388,0.8057073414152743,0.32465684379294485,0.67,0.29750000000000004
P12_13,LOO_QQQ,100,family_balanced,100,0.4716996819119864,1.185179575156881,-0.22416933832280106,0.7134798932448945,0.5003546634146417,0.84,0.3108262826282628
P12_13,LOO_QQQ,100,mean_fold,100,0.4276302060834933,1.185179575156881,-0.22416933832280106,0.7575493690733875,0.4640243675363475,0.78,0.3108262826282628
P12_13,LOO_QQQ,100,mean_rank,100,0.38111042099848136,1.185179575156881,-0.22416933832280106,0.8040691541583995,0.4303010351230903,0.76,0.3108262826282628
P12_13,LOO_QQQ,100,nested_complexity,100,0.4276302060834933,1.185179575156881,-0.22416933832280106,0.7575493690733875,0.4640243675363475,0.78,0.3108262826282628
P12_13,LOO_QQQ,100,single_fold,100,0.0019687468448628385,1.185179575156881,-0.22416933832280106,1.183210828312018,0.15368392237858863,0.53,0.3108262826282628
P12_13,LOO_QQQ,100,stability_lcb,100,0.41555881413271684,1.185179575156881,-0.22416933832280106,0.769620761024164,0.4594655847583652,0.83,0.3108262826282628
P12_13,LOO_QQQ,500,family_balanced,100,0.584969259953238,1.3934656826486782,-0.22617443124185063,0.8084964226954402,0.5026791685416053,0.91,0.29124025296101186
P12_13,LOO_QQQ,500,mean_fold,100,0.5764339350838246,1.3934656826486782,-0.22617443124185063,0.8170317475648536,0.4971152691797135,0.93,0.29124025296101186
P12_13,LOO_QQQ,500,mean_rank,100,0.514842417740292,1.3934656826486782,-0.22617443124185063,0.8786232649083862,0.4600229154174251,0.89,0.29124025296101186
P12_13,LOO_QQQ,500,nested_complexity,100,0.5764339350838246,1.3934656826486782,-0.22617443124185063,0.8170317475648536,0.4971152691797135,0.93,0.29124025296101186
P12_13,LOO_QQQ,500,single_fold,100,-0.30264053924706424,1.3934656826486782,-0.22617443124185063,1.6961062218957426,-0.04550620130158849,0.47,0.29124025296101186
P12_13,LOO_QQQ,500,stability_lcb,100,0.591386121722604,1.3934656826486782,-0.22617443124185063,0.8020795609260741,0.5058653444161222,0.97,0.29124025296101186
P12_13,LOO_QQQ,1000,family_balanced,100,0.607157393379093,1.4594305343612217,-0.22391131586088914,0.8522731409821283,0.49508026101579555,1.0,0.29190082734082734
P12_13,LOO_QQQ,1000,mean_fold,100,0.5412163726449634,1.4594305343612217,-0.22391131586088914,0.9182141617162581,0.4552935148412925,1.0,0.29190082734082734
P12_13,LOO_QQQ,1000,mean_rank,100,0.47543396621604295,1.4594305343612217,-0.22391131586088914,0.9839965681451786,0.41605663647133545,1.0,0.29190082734082734
P12_13,LOO_QQQ,1000,nested_complexity,100,0.5412163726449634,1.4594305343612217,-0.22391131586088914,0.9182141617162581,0.4552935148412925,1.0,0.29190082734082734
P12_13,LOO_QQQ,1000,single_fold,100,-0.11144121077549489,1.4594305343612217,-0.22391131586088914,1.5708717451367167,0.07312191828345894,0.61,0.29190082734082734
P12_13,LOO_QQQ,1000,stability_lcb,100,0.5362790166138852,1.4594305343612217,-0.22391131586088914,0.9231515177473362,0.45228950843702664,1.0,0.29190082734082734
P12_13,LOO_QQQ,2670,diverse_ensemble,100,0.8357897259189125,1.5275391360337034,-0.2238452564383545,0.6917494101147911,0.6050270785282068,1.0,0.29604549662002344
P12_13,LOO_QQQ,2670,family_balanced,100,0.5971614412233439,1.5275391360337034,-0.2238452564383545,0.9303776948103593,0.4687758445208351,1.0,0.29604549662002344
P12_13,LOO_QQQ,2670,mean_fold,100,0.5971614412233439,1.5275391360337034,-0.2238452564383545,0.9303776948103593,0.4687758445208351,1.0,0.29604549662002344
P12_13,LOO_QQQ,2670,mean_rank,100,0.32937221230634983,1.5275391360337034,-0.2238452564383545,1.1981669237273536,0.31587438549903046,1.0,0.29604549662002344
P12_13,LOO_QQQ,2670,nested_complexity,100,0.5971614412233439,1.5275391360337034,-0.2238452564383545,0.9303776948103593,0.4687758445208351,1.0,0.29604549662002344
P12_13,LOO_QQQ,2670,single_fold,100,0.8615374850110412,1.5275391360337034,-0.2238452564383545,0.6660016510226628,0.6197284537390393,1.0,0.29604549662002344
P12_13,LOO_QQQ,2670,stability_lcb,100,0.5083259999043364,1.5275391360337034,-0.2238452564383545,1.0192131361293668,0.418052861204981,1.0,0.29604549662002344
P12_13,US3,25,family_balanced,100,-0.21882091757037883,1.7609960405025853,-0.0931365192376128,1.979816958072964,-0.06844271757793806,0.29,0.27142307692307693
P12_13,US3,25,mean_fold,100,0.3814692537211248,1.7609960405025853,-0.0931365192376128,1.3795267867814607,0.2467698326607067,0.59,0.27142307692307693
P12_13,US3,25,mean_rank,100,0.45851427837361847,1.7609960405025853,-0.0931365192376128,1.3024817621289668,0.29187418230859763,0.63,0.27142307692307693
P12_13,US3,25,nested_complexity,100,0.32343599674285195,1.7609960405025853,-0.0931365192376128,1.4375600437597333,0.21740875958907144,0.56,0.27142307692307693
P12_13,US3,25,single_fold,100,0.800796394183927,1.7609960405025853,-0.0931365192376128,0.9601996463186583,0.4742337662224942,0.77,0.27142307692307693
P12_13,US3,25,stability_lcb,100,0.24886503070704333,1.7609960405025853,-0.0931365192376128,1.512131009795542,0.1753864459810498,0.56,0.27142307692307693
P12_13,US3,100,family_balanced,100,-0.4490549880110876,1.9281321819190427,-0.0967140815143827,2.377187169930131,-0.1770998747223541,0.17,0.2907391539153915
P12_13,US3,100,mean_fold,100,0.29399735047524067,1.9281321819190427,-0.0967140815143827,1.6341348314438024,0.19345554804386722,0.52,0.2907391539153915
P12_13,US3,100,mean_rank,100,0.40647646959694184,1.9281321819190427,-0.0967140815143827,1.521655712322101,0.25316196045556305,0.6,0.2907391539153915
P12_13,US3,100,nested_complexity,100,0.207332721180668,1.9281321819190427,-0.0967140815143827,1.720799460738375,0.14898352059506378,0.48,0.2907391539153915
P12_13,US3,100,single_fold,100,1.0998991412371941,1.9281321819190427,-0.0967140815143827,0.8282330406818486,0.5881133462018028,0.94,0.2907391539153915
P12_13,US3,100,stability_lcb,100,0.35043319517036553,1.9281321819190427,-0.0967140815143827,1.5776989867486773,0.22622353654588642,0.58,0.2907391539153915
P12_13,US3,500,family_balanced,100,-0.605967668373402,2.0603648901938683,-0.11305952407182493,2.66633255856727,-0.22714074047664012,0.0,0.27212087984351935
P12_13,US3,500,mean_fold,100,-0.15316649242871355,2.0603648901938683,-0.11305952407182493,2.2135313826225813,-0.017190422749112613,0.28,0.27212087984351935
P12_13,US3,500,mean_rank,100,0.16611236203721672,2.0603648901938683,-0.11305952407182493,1.8942525281566511,0.12828929994688465,0.51,0.27212087984351935
P12_13,US3,500,nested_complexity,100,-0.18758061616983374,2.0603648901938683,-0.11305952407182493,2.2479455063637013,-0.03350679159784779,0.26,0.27212087984351935
P12_13,US3,500,single_fold,100,0.7863726831259086,2.0603648901938683,-0.11305952407182493,1.2739922070679588,0.41389004459148665,1.0,0.27212087984351935
P12_13,US3,500,stability_lcb,100,0.2282794470339885,2.0603648901938683,-0.11305952407182493,1.8320854431598792,0.15696041639316172,0.54,0.27212087984351935
P12_13,US3,1000,family_balanced,100,-0.6484568810602667,2.092242668044978,-0.11136571992660935,2.7406995491052446,-0.24389460355867418,0.0,0.2726808402408402
P12_13,US3,1000,mean_fold,100,-0.5667312665536731,2.092242668044978,-0.11136571992660935,2.658973934598651,-0.20677926536562338,0.05,0.2726808402408402
P12_13,US3,1000,mean_rank,100,-0.13486592199792558,2.092242668044978,-0.11136571992660935,2.2271085900429033,-0.010531307433053522,0.34,0.2726808402408402
P12_13,US3,1000,nested_complexity,100,-0.5839383284242333,2.092242668044978,-0.11136571992660935,2.676180996469211,-0.2146560476245853,0.04,0.2726808402408402
P12_13,US3,1000,single_fold,100,0.7030472510651093,2.092242668044978,-0.11136571992660935,1.3891954169798693,0.36952631824772064,1.0,0.2726808402408402
P12_13,US3,1000,stability_lcb,100,-0.11213580699867806,2.092242668044978,-0.11136571992660935,2.2043784750436557,-0.00029009356076773905,0.35,0.2726808402408402
P12_13,US3,2670,diverse_ensemble,100,0.08427610488069513,2.096154663280856,-0.1110408144698146,2.01187855840016,0.08849099289998325,1.0,0.27911876530673313
P12_13,US3,2670,family_balanced,100,-0.7054073712118423,2.096154663280856,-0.1110408144698146,2.8015620344926977,-0.2692858710220537,0.0,0.27911876530673313
P12_13,US3,2670,mean_fold,100,-0.7054073712118423,2.096154663280856,-0.1110408144698146,2.8015620344926977,-0.2692858710220537,0.0,0.27911876530673313
P12_13,US3,2670,mean_rank,100,-0.7054073712118423,2.096154663280856,-0.1110408144698146,2.8015620344926977,-0.2692858710220537,0.0,0.27911876530673313
P12_13,US3,2670,nested_complexity,100,-0.7054073712118423,2.096154663280856,-0.1110408144698146,2.8015620344926977,-0.2692858710220537,0.0,0.27911876530673313
P12_13,US3,2670,single_fold,100,0.6765112773203977,2.096154663280856,-0.1110408144698146,1.4196433859604582,0.35681121120853243,1.0,0.27911876530673313
P12_13,US3,2670,stability_lcb,100,-0.7054073712118423,2.096154663280856,-0.1110408144698146,2.8015620344926977,-0.2692858710220537,0.0,0.27911876530673313
P14_15,CROSS_ASSET4,25,family_balanced,100,0.5942626182549099,1.223951344322639,-0.24295135839040605,0.6296887260677292,0.5683545728079921,0.85,0.49663076923076926
P14_15,CROSS_ASSET4,25,mean_fold,100,0.5827295033966373,1.223951344322639,-0.24295135839040605,0.6412218409260018,0.5797164802058336,0.83,0.49663076923076926
P14_15,CROSS_ASSET4,25,mean_rank,100,0.6039177806167239,1.223951344322639,-0.24295135839040605,0.6200335637059152,0.5878209148762695,0.84,0.49663076923076926
P14_15,CROSS_ASSET4,25,nested_complexity,100,0.5827295033966373,1.223951344322639,-0.24295135839040605,0.6412218409260018,0.5797164802058336,0.83,0.49663076923076926
P14_15,CROSS_ASSET4,25,single_fold,100,0.20440730646208002,1.223951344322639,-0.24295135839040605,1.019544037860559,0.30330881428115775,0.64,0.49663076923076926
P14_15,CROSS_ASSET4,25,stability_lcb,100,0.5798841591104987,1.223951344322639,-0.24295135839040605,0.6440671852121403,0.5721993663209869,0.8,0.49663076923076926
P14_15,CROSS_ASSET4,100,family_balanced,100,0.791909824384485,1.5073819114072493,-0.24106077381103896,0.7154720870227647,0.599391883245548,0.92,0.5199264326432643
P14_15,CROSS_ASSET4,100,mean_fold,100,0.681317432832437,1.5073819114072493,-0.24106077381103896,0.8260644785748125,0.5284339878757368,0.89,0.5199264326432643
P14_15,CROSS_ASSET4,100,mean_rank,100,0.6358330297384684,1.5073819114072493,-0.24106077381103896,0.871548881668781,0.49947142527243515,0.88,0.5199264326432643
P14_15,CROSS_ASSET4,100,nested_complexity,100,0.681317432832437,1.5073819114072493,-0.24106077381103896,0.8260644785748125,0.5284339878757368,0.89,0.5199264326432643
P14_15,CROSS_ASSET4,100,single_fold,100,0.32367682578732987,1.5073819114072493,-0.24106077381103896,1.1837050856199192,0.325098844648144,0.66,0.5199264326432643
P14_15,CROSS_ASSET4,100,stability_lcb,100,0.534613074678706,1.5073819114072493,-0.24106077381103896,0.9727688367285435,0.44447908049583623,0.84,0.5199264326432643
P14_15,CROSS_ASSET4,500,family_balanced,100,0.905341385643516,1.7832321723350686,-0.24489916256294675,0.8778907866915521,0.5829362835979724,1.0,0.5280642069768279
P14_15,CROSS_ASSET4,500,mean_fold,100,0.62911493834729,1.7832321723350686,-0.24489916256294675,1.154117233987778,0.43926098132744634,0.74,0.5280642069768279
P14_15,CROSS_ASSET4,500,mean_rank,100,0.5716609363806029,1.7832321723350686,-0.24489916256294675,1.211571235954465,0.41102290127525926,0.74,0.5280642069768279
P14_15,CROSS_ASSET4,500,nested_complexity,100,0.62911493834729,1.7832321723350686,-0.24489916256294675,1.154117233987778,0.43926098132744634,0.74,0.5280642069768279
P14_15,CROSS_ASSET4,500,single_fold,100,0.4751062123156147,1.7832321723350686,-0.24489916256294675,1.3081259600194535,0.36538580295015516,0.77,0.5280642069768279
P14_15,CROSS_ASSET4,500,stability_lcb,100,0.2645645398889062,1.7832321723350686,-0.24489916256294675,1.518667632446162,0.2566886259434922,0.75,0.5280642069768279
P14_15,CROSS_ASSET4,1000,family_balanced,100,1.0926406144801972,2.0302326929309062,-0.24458342829615146,0.9375920784507088,0.6039979908199337,1.0,0.5315823496623497
P14_15,CROSS_ASSET4,1000,mean_fold,100,0.6896501802738725,2.0302326929309062,-0.24458342829615146,1.3405825126570332,0.4201068112648738,0.67,0.5315823496623497
P14_15,CROSS_ASSET4,1000,mean_rank,100,0.6755810872709204,2.0302326929309062,-0.24458342829615146,1.3546516056599853,0.41262971015705346,0.66,0.5315823496623497
P14_15,CROSS_ASSET4,1000,nested_complexity,100,0.6896501802738725,2.0302326929309062,-0.24458342829615146,1.3405825126570332,0.4201068112648738,0.67,0.5315823496623497
P14_15,CROSS_ASSET4,1000,single_fold,100,0.6333239829206996,2.0302326929309062,-0.24458342829615146,1.3969087100102067,0.39848723715805334,0.97,0.5315823496623497
P14_15,CROSS_ASSET4,1000,stability_lcb,100,0.11051979155657865,2.0302326929309062,-0.24458342829615146,1.9197129013743273,0.16176918111398902,0.67,0.5315823496623497
P14_15,CROSS_ASSET4,2670,diverse_ensemble,100,1.1283079774036366,2.519098216781135,-0.24240611901195083,1.3907902393774985,0.49636499883384294,1.0,0.5309791430216454
P14_15,CROSS_ASSET4,2670,family_balanced,100,1.1649261917512792,2.519098216781135,-0.24240611901195083,1.354172025029855,0.5096252403163631,1.0,0.5309791430216454
P14_15,CROSS_ASSET4,2670,mean_fold,100,-0.21058901965875051,2.519098216781135,-0.24240611901195083,2.7296872364398848,0.011521654679590704,0.0,0.5309791430216454
P14_15,CROSS_ASSET4,2670,mean_rank,100,-0.21058901965875051,2.519098216781135,-0.24240611901195083,2.7296872364398848,0.011521654679590704,0.0,0.5309791430216454
P14_15,CROSS_ASSET4,2670,nested_complexity,100,-0.21058901965875051,2.519098216781135,-0.24240611901195083,2.7296872364398848,0.011521654679590704,0.0,0.5309791430216454
P14_15,CROSS_ASSET4,2670,single_fold,100,0.6245409311532254,2.519098216781135,-0.24240611901195083,1.8945572856279091,0.31394013723907305,1.0,0.5309791430216454
P14_15,CROSS_ASSET4,2670,stability_lcb,100,-0.21058901965875051,2.519098216781135,-0.24240611901195083,2.7296872364398848,0.011521654679590704,0.0,0.5309791430216454
P14_15,EQ_BOND6,25,family_balanced,100,-0.21746912264031198,0.8069427388830287,-0.40281927451913885,1.0244118615233408,0.16998308505762671,0.34,0.27466153846153846
P14_15,EQ_BOND6,25,mean_fold,100,0.07796161050778733,0.8069427388830287,-0.40281927451913885,0.7289811283752414,0.40157798128795286,0.57,0.27466153846153846
P14_15,EQ_BOND6,25,mean_rank,100,0.09990195506255244,0.8069427388830287,-0.40281927451913885,0.7070407838204764,0.43199081054562805,0.59,0.27466153846153846
P14_15,EQ_BOND6,25,nested_complexity,100,0.07796161050778733,0.8069427388830287,-0.40281927451913885,0.7289811283752414,0.40157798128795286,0.57,0.27466153846153846
P14_15,EQ_BOND6,25,single_fold,100,0.08638176710300473,0.8069427388830287,-0.40281927451913885,0.720560971780024,0.4108075779309448,0.62,0.27466153846153846
P14_15,EQ_BOND6,25,stability_lcb,100,-0.019762826116972946,0.8069427388830287,-0.40281927451913885,0.8267055650000017,0.3247121153644923,0.51,0.27466153846153846
P14_15,EQ_BOND6,100,family_balanced,100,0.02348344987492904,1.1632603345597219,-0.40599047140384337,1.139776884684793,0.2845118481910715,0.57,0.31041956195619563
P14_15,EQ_BOND6,100,mean_fold,100,0.4178908828651852,1.1632603345597219,-0.40599047140384337,0.7453694516945366,0.5265226620794193,0.86,0.31041956195619563
P14_15,EQ_BOND6,100,mean_rank,100,0.41213265172898805,1.1632603345597219,-0.40599047140384337,0.751127682830734,0.5271054426785803,0.81,0.31041956195619563
P14_15,EQ_BOND6,100,nested_complexity,100,0.4178908828651852,1.1632603345597219,-0.40599047140384337,0.7453694516945366,0.5265226620794193,0.86,0.31041956195619563
P14_15,EQ_BOND6,100,single_fold,100,0.27406595835504355,1.1632603345597219,-0.40599047140384337,0.8891943762046783,0.44137425320477985,0.77,0.31041956195619563
P14_15,EQ_BOND6,100,stability_lcb,100,0.32982368824477226,1.1632603345597219,-0.40599047140384337,0.8334366463149497,0.45658329023892447,0.73,0.31041956195619563
P14_15,EQ_BOND6,500,family_balanced,100,0.04613338636504127,1.5830828919706261,-0.40246139864777825,1.5369495056055857,0.22780674739775048,0.6,0.3144003004812019
P14_15,EQ_BOND6,500,mean_fold,100,0.33771872952800513,1.5830828919706261,-0.40246139864777825,1.2453641624426213,0.38048292030631464,0.88,0.3144003004812019
P14_15,EQ_BOND6,500,mean_rank,100,0.4033983860318632,1.5830828919706261,-0.40246139864777825,1.1796845059387635,0.4136574551539076,0.87,0.3144003004812019
P14_15,EQ_BOND6,500,nested_complexity,100,0.33771872952800513,1.5830828919706261,-0.40246139864777825,1.2453641624426213,0.38048292030631464,0.88,0.3144003004812019
P14_15,EQ_BOND6,500,single_fold,100,0.3227972083788947,1.5830828919706261,-0.40246139864777825,1.260285683591732,0.3750142394675434,0.92,0.3144003004812019
P14_15,EQ_BOND6,500,stability_lcb,100,0.519788515936997,1.5830828919706261,-0.40246139864777825,1.0632943760336293,0.4728564974134637,0.89,0.3144003004812019
P14_15,EQ_BOND6,1000,family_balanced,100,0.08183640930880147,1.8129076950743368,-0.4038630818180535,1.7310712857655355,0.22124805667719621,0.72,0.3146307581907582
P14_15,EQ_BOND6,1000,mean_fold,100,0.30390267100137325,1.8129076950743368,-0.4038630818180535,1.5090050240729638,0.32147456517566075,0.94,0.3146307581907582
P14_15,EQ_BOND6,1000,mean_rank,100,0.29189410788883285,1.8129076950743368,-0.4038630818180535,1.5210135871855042,0.31613392045479055,0.9,0.3146307581907582
P14_15,EQ_BOND6,1000,nested_complexity,100,0.30390267100137325,1.8129076950743368,-0.4038630818180535,1.5090050240729638,0.32147456517566075,0.94,0.3146307581907582
P14_15,EQ_BOND6,1000,single_fold,100,0.2963975354581115,1.8129076950743368,-0.4038630818180535,1.5165101596162256,0.31925344283656254,0.98,0.3146307581907582
P14_15,EQ_BOND6,1000,stability_lcb,100,0.31557974992772153,1.8129076950743368,-0.4038630818180535,1.4973279451466155,0.3270908751442624,0.9,0.3146307581907582
P14_15,EQ_BOND6,2670,diverse_ensemble,100,0.6847564167552583,1.9403122212063662,-0.40361685274233133,1.2555558044511077,0.46433711736168803,1.0,0.3153283881327903
P14_15,EQ_BOND6,2670,family_balanced,100,0.10388909325601149,1.9403122212063662,-0.40361685274233133,1.8364231279503545,0.2165193271583826,1.0,0.3153283881327903
P14_15,EQ_BOND6,2670,mean_fold,100,0.16661368412716812,1.9403122212063662,-0.40361685274233133,1.7736985370791976,0.24327977463450337,1.0,0.3153283881327903
P14_15,EQ_BOND6,2670,mean_rank,100,0.16661368412716812,1.9403122212063662,-0.40361685274233133,1.7736985370791976,0.24327977463450337,1.0,0.3153283881327903
P14_15,EQ_BOND6,2670,nested_complexity,100,0.16661368412716812,1.9403122212063662,-0.40361685274233133,1.7736985370791976,0.24327977463450337,1.0,0.3153283881327903
P14_15,EQ_BOND6,2670,single_fold,100,0.16661368412716812,1.9403122212063662,-0.40361685274233133,1.7736985370791976,0.24327977463450337,1.0,0.3153283881327903
P14_15,EQ_BOND6,2670,stability_lcb,100,0.16661368412716812,1.9403122212063662,-0.40361685274233133,1.7736985370791976,0.24327977463450337,1.0,0.3153283881327903
P14_15,EQ_REAL7_LOO_TLT,25,family_balanced,100,0.2671355879361251,0.9464840523163631,-0.3211839381942492,0.6793484643802381,0.43455685637648395,0.66,0.3821153846153847
P14_15,EQ_REAL7_LOO_TLT,25,mean_fold,100,0.31832624049937247,0.9464840523163631,-0.3211839381942492,0.6281578118169906,0.5118509532382554,0.74,0.3821153846153847
P14_15,EQ_REAL7_LOO_TLT,25,mean_rank,100,0.16303694838866292,0.9464840523163631,-0.3211839381942492,0.7834471039277005,0.39699183047682857,0.66,0.3821153846153847
P14_15,EQ_REAL7_LOO_TLT,25,nested_complexity,100,0.36645346256290834,0.9464840523163631,-0.3211839381942492,0.5800305897534548,0.549653119044623,0.78,0.3821153846153847
P14_15,EQ_REAL7_LOO_TLT,25,single_fold,100,-0.049802599109046726,0.9464840523163631,-0.3211839381942492,0.9962866514254098,0.20966170341545276,0.49,0.3821153846153847
P14_15,EQ_REAL7_LOO_TLT,25,stability_lcb,100,0.09880308326002978,0.9464840523163631,-0.3211839381942492,0.8476809690563336,0.3506439279347448,0.63,0.3821153846153847
P14_15,EQ_REAL7_LOO_TLT,100,family_balanced,100,0.501491864193584,1.3780873324834755,-0.3215710988071612,0.8765954682898913,0.491739637301108,0.83,0.41613201320132004
P14_15,EQ_REAL7_LOO_TLT,100,mean_fold,100,0.4304608437335126,1.3780873324834755,-0.3215710988071612,0.9476264887499629,0.4673208484546879,0.87,0.41613201320132004
P14_15,EQ_REAL7_LOO_TLT,100,mean_rank,100,0.3558546057882138,1.3780873324834755,-0.3215710988071612,1.0222327266952618,0.42601132394956065,0.85,0.41613201320132004
P14_15,EQ_REAL7_LOO_TLT,100,nested_complexity,100,0.4257097933998295,1.3780873324834755,-0.3215710988071612,0.9523775390836461,0.4614602722000374,0.87,0.41613201320132004
P14_15,EQ_REAL7_LOO_TLT,100,single_fold,100,0.16708709672939687,1.3780873324834755,-0.3215710988071612,1.2110002357540786,0.30503087129407797,0.68,0.41613201320132004
P14_15,EQ_REAL7_LOO_TLT,100,stability_lcb,100,0.3266621995546845,1.3780873324834755,-0.3215710988071612,1.051425132928791,0.42046175069471425,0.82,0.41613201320132004
P14_15,EQ_REAL7_LOO_TLT,500,family_balanced,100,0.48771725212270384,1.909371121146392,-0.3190247475325288,1.421653869023688,0.3756359823185073,0.99,0.4203293821175285
P14_15,EQ_REAL7_LOO_TLT,500,mean_fold,100,0.3112038070751946,1.909371121146392,-0.3190247475325288,1.598167314071197,0.29407660843714944,0.79,0.4203293821175285
P14_15,EQ_REAL7_LOO_TLT,500,mean_rank,100,0.3428641011731127,1.909371121146392,-0.3190247475325288,1.566507019973279,0.3098524634044482,0.88,0.4203293821175285
P14_15,EQ_REAL7_LOO_TLT,500,nested_complexity,100,0.3174303687759851,1.909371121146392,-0.3190247475325288,1.5919407523704066,0.2972767449364239,0.79,0.4203293821175285
P14_15,EQ_REAL7_LOO_TLT,500,single_fold,100,0.38137594862062363,1.909371121146392,-0.3190247475325288,1.527995172525768,0.3277030427853967,0.91,0.4203293821175285
P14_15,EQ_REAL7_LOO_TLT,500,stability_lcb,100,0.3653391922943503,1.909371121146392,-0.3190247475325288,1.5440319288520414,0.3209464197629858,0.81,0.4203293821175285
P14_15,EQ_REAL7_LOO_TLT,1000,family_balanced,100,0.4184922888193134,2.2943174835551967,-0.3182729072885488,1.8758251947358833,0.2872919130247743,1.0,0.41959832935832947
P14_15,EQ_REAL7_LOO_TLT,1000,mean_fold,100,0.19338818555991125,2.2943174835551967,-0.3182729072885488,2.100929297995285,0.19718725712198104,0.66,0.41959832935832947
P14_15,EQ_REAL7_LOO_TLT,1000,mean_rank,100,0.3002238614945701,2.2943174835551967,-0.3182729072885488,1.9940936220606265,0.2429528701819011,0.9,0.41959832935832947
P14_15,EQ_REAL7_LOO_TLT,1000,nested_complexity,100,0.21595532186070726,2.2943174835551967,-0.3182729072885488,2.0783621616944887,0.20789537032044966,0.68,0.41959832935832947
P14_15,EQ_REAL7_LOO_TLT,1000,single_fold,100,0.40607251343892153,2.2943174835551967,-0.3182729072885488,1.8882449701162747,0.28552368958908025,0.95,0.41959832935832947
P14_15,EQ_REAL7_LOO_TLT,1000,stability_lcb,100,0.30128721591722063,2.2943174835551967,-0.3182729072885488,1.993030267637975,0.24095346944133855,0.75,0.41959832935832947
P14_15,EQ_REAL7_LOO_TLT,2670,diverse_ensemble,100,0.2721474657838615,2.651143483833373,-0.3167828529405961,2.378996018049512,0.1984315821546312,1.0,0.4204990970295141
P14_15,EQ_REAL7_LOO_TLT,2670,family_balanced,100,0.21234580334020553,2.651143483833373,-0.3167828529405961,2.4387976804931673,0.17828227396504245,1.0,0.4204990970295141
P14_15,EQ_REAL7_LOO_TLT,2670,mean_fold,100,-0.01640431866393991,2.651143483833373,-0.3167828529405961,2.667547802497314,0.10120821752037053,0.0,0.4204990970295141
P14_15,EQ_REAL7_LOO_TLT,2670,mean_rank,100,0.42704357470870585,2.651143483833373,-0.3167828529405961,2.224099909124668,0.2506215934111813,1.0,0.4204990970295141
P14_15,EQ_REAL7_LOO_TLT,2670,nested_complexity,100,-0.01640431866393991,2.651143483833373,-0.3167828529405961,2.667547802497314,0.10120821752037053,0.0,0.4204990970295141
P14_15,EQ_REAL7_LOO_TLT,2670,single_fold,100,0.3058979328739789,2.651143483833373,-0.3167828529405961,2.345245550959394,0.20980331556726128,1.0,0.4204990970295141
P14_15,EQ_REAL7_LOO_TLT,2670,stability_lcb,100,0.42704357470870585,2.651143483833373,-0.3167828529405961,2.224099909124668,0.2506215934111813,1.0,0.4204990970295141
P14_15,FULL8,25,family_balanced,100,0.09468109925415633,0.9132883575083619,-0.3463871925112485,0.8186072582542058,0.3353614630131892,0.56,0.4067923076923077
P14_15,FULL8,25,mean_fold,100,0.3655829164904229,0.9132883575083619,-0.3463871925112485,0.5477054410179392,0.5677353771588184,0.78,0.4067923076923077
P14_15,FULL8,25,mean_rank,100,0.28544343527268745,0.9132883575083619,-0.3463871925112485,0.6278449222356746,0.5205123294969162,0.75,0.4067923076923077
P14_15,FULL8,25,nested_complexity,100,0.3655829164904229,0.9132883575083619,-0.3463871925112485,0.5477054410179392,0.5677353771588184,0.78,0.4067923076923077
P14_15,FULL8,25,single_fold,100,-0.07555481653872854,0.9132883575083619,-0.3463871925112485,0.9888431740470905,0.21518147484700567,0.51,0.4067923076923077
P14_15,FULL8,25,stability_lcb,100,0.17026265529154155,0.9132883575083619,-0.3463871925112485,0.7430257022168203,0.4313816685031697,0.69,0.4067923076923077
P14_15,FULL8,100,family_balanced,100,0.3959212907893046,1.2750320126150487,-0.3444604589592926,0.8791107218257443,0.46052415010828507,0.78,0.4428876087608761
P14_15,FULL8,100,mean_fold,100,0.5230169960700446,1.2750320126150487,-0.3444604589592926,0.7520150165450041,0.560009774939067,0.9,0.4428876087608761
P14_15,FULL8,100,mean_rank,100,0.45915884356115166,1.2750320126150487,-0.3444604589592926,0.8158731690538972,0.5225040988450333,0.93,0.4428876087608761
P14_15,FULL8,100,nested_complexity,100,0.5230169960700446,1.2750320126150487,-0.3444604589592926,0.7520150165450041,0.560009774939067,0.9,0.4428876087608761
P14_15,FULL8,100,single_fold,100,0.2651546608007624,1.2750320126150487,-0.3444604589592926,1.0098773518142863,0.3874888908816203,0.75,0.4428876087608761
P14_15,FULL8,100,stability_lcb,100,0.3429152039941592,1.2750320126150487,-0.3444604589592926,0.9321168086208895,0.44895523436509505,0.81,0.4428876087608761
P14_15,FULL8,500,family_balanced,100,0.5377068741266545,1.7370484729933622,-0.34284319852061546,1.1993415988667078,0.43973471207142467,0.99,0.4507286131544527
P14_15,FULL8,500,mean_fold,100,0.43182038798581546,1.7370484729933622,-0.34284319852061546,1.305228085007547,0.3923731949900634,0.97,0.4507286131544527
P14_15,FULL8,500,mean_rank,100,0.418869154787521,1.7370484729933622,-0.34284319852061546,1.3181793182058414,0.3807040383808096,1.0,0.4507286131544527
P14_15,FULL8,500,nested_complexity,100,0.43182038798581546,1.7370484729933622,-0.34284319852061546,1.305228085007547,0.3923731949900634,0.97,0.4507286131544527
P14_15,FULL8,500,single_fold,100,0.299296932053592,1.7370484729933622,-0.34284319852061546,1.4377515409397705,0.3228359757901901,0.89,0.4507286131544527
P14_15,FULL8,500,stability_lcb,100,0.3577828148095091,1.7370484729933622,-0.34284319852061546,1.3792656581838534,0.3562090087377473,0.91,0.4507286131544527
P14_15,FULL8,1000,family_balanced,100,0.4659834561525966,2.0936798333651727,-0.34241318081813815,1.6276963772125763,0.3362441905873539,1.0,0.45162603318603317
P14_15,FULL8,1000,mean_fold,100,0.27968968887357554,2.0936798333651727,-0.34241318081813815,1.8139901444915976,0.25891196273576866,0.98,0.45162603318603317
P14_15,FULL8,1000,mean_rank,100,0.34552965598779906,2.0936798333651727,-0.34241318081813815,1.748150177377374,0.28515190027053194,1.0,0.45162603318603317
P14_15,FULL8,1000,nested_complexity,100,0.27968968887357554,2.0936798333651727,-0.34241318081813815,1.8139901444915976,0.25891196273576866,0.98,0.45162603318603317
P14_15,FULL8,1000,single_fold,100,0.30179584962308703,2.0936798333651727,-0.34241318081813815,1.791883983742086,0.26614161161538896,0.96,0.45162603318603317
P14_15,FULL8,1000,stability_lcb,100,0.31632835424813777,2.0936798333651727,-0.34241318081813815,1.7773514791170353,0.27233847301791975,0.98,0.45162603318603317
P14_15,FULL8,2670,diverse_ensemble,100,0.16720541490097166,2.4112320641644347,-0.34119193875427345,2.244026649263464,0.1847089522239791,1.0,0.45195012083204406
P14_15,FULL8,2670,family_balanced,100,0.337603171668698,2.4112320641644347,-0.34119193875427345,2.0736288924957376,0.24661720349160152,1.0,0.45195012083204406
P14_15,FULL8,2670,mean_fold,100,0.029230802955241112,2.4112320641644347,-0.34119193875427345,2.3820012612091936,0.13458055202131397,1.0,0.45195012083204406
P14_15,FULL8,2670,mean_rank,100,0.029230802955241112,2.4112320641644347,-0.34119193875427345,2.3820012612091936,0.13458055202131397,1.0,0.45195012083204406
P14_15,FULL8,2670,nested_complexity,100,0.029230802955241112,2.4112320641644347,-0.34119193875427345,2.3820012612091936,0.13458055202131397,1.0,0.45195012083204406
P14_15,FULL8,2670,single_fold,100,0.029230802955241112,2.4112320641644347,-0.34119193875427345,2.3820012612091936,0.13458055202131397,1.0,0.45195012083204406
P14_15,FULL8,2670,stability_lcb,100,0.029230802955241112,2.4112320641644347,-0.34119193875427345,2.3820012612091936,0.13458055202131397,1.0,0.45195012083204406
P14_15,GLOBAL_EQ5,25,family_balanced,100,-0.23700690685845605,0.9527767211651956,-0.3800703425767884,1.1897836280236518,0.1289459995010766,0.35,0.2693076923076923
P14_15,GLOBAL_EQ5,25,mean_fold,100,0.02749476699210359,0.9527767211651956,-0.3800703425767884,0.9252819541730921,0.32440748406180814,0.55,0.2693076923076923
P14_15,GLOBAL_EQ5,25,mean_rank,100,0.008588578344886372,0.9527767211651956,-0.3800703425767884,0.9441881428203093,0.3089594124024785,0.53,0.2693076923076923
P14_15,GLOBAL_EQ5,25,nested_complexity,100,0.02749476699210359,0.9527767211651956,-0.3800703425767884,0.9252819541730921,0.32440748406180814,0.55,0.2693076923076923
P14_15,GLOBAL_EQ5,25,single_fold,100,0.03795102951814773,0.9527767211651956,-0.3800703425767884,0.914825691647048,0.325756818057028,0.58,0.2693076923076923
P14_15,GLOBAL_EQ5,25,stability_lcb,100,-0.03396242630596536,0.9527767211651956,-0.3800703425767884,0.9867391474711609,0.27202074365722084,0.52,0.2693076923076923
P14_15,GLOBAL_EQ5,100,family_balanced,100,-0.04213180528108162,1.294607222564691,-0.39052229021919627,1.3367390278457725,0.21196948741830035,0.64,0.31186210621062105
P14_15,GLOBAL_EQ5,100,mean_fold,100,0.38176870096109033,1.294607222564691,-0.39052229021919627,0.9128385216036006,0.4595079020580357,0.88,0.31186210621062105
P14_15,GLOBAL_EQ5,100,mean_rank,100,0.389683983714256,1.294607222564691,-0.39052229021919627,0.9049232388504349,0.46447465941842553,0.8,0.31186210621062105
P14_15,GLOBAL_EQ5,100,nested_complexity,100,0.38176870096109033,1.294607222564691,-0.39052229021919627,0.9128385216036006,0.4595079020580357,0.88,0.31186210621062105
P14_15,GLOBAL_EQ5,100,single_fold,100,0.17287607716576225,1.294607222564691,-0.39052229021919627,1.121731145398929,0.34252598780520604,0.65,0.31186210621062105
P14_15,GLOBAL_EQ5,100,stability_lcb,100,0.33494312728863723,1.294607222564691,-0.39052229021919627,0.9596640952760537,0.43179670402810233,0.74,0.31186210621062105
P14_15,GLOBAL_EQ5,500,family_balanced,100,0.11651637767619048,1.649363761983834,-0.3831086732594364,1.5328473843076436,0.24892317054706686,0.92,0.3158057739430957
P14_15,GLOBAL_EQ5,500,mean_fold,100,0.5515052384877331,1.649363761983834,-0.3831086732594364,1.097858523496101,0.46138793019115376,0.91,0.3158057739430957
P14_15,GLOBAL_EQ5,500,mean_rank,100,0.5570502538112053,1.649363761983834,-0.3831086732594364,1.0923135081726287,0.46476656492931956,0.95,0.3158057739430957
P14_15,GLOBAL_EQ5,500,nested_complexity,100,0.5515052384877331,1.649363761983834,-0.3831086732594364,1.097858523496101,0.46138793019115376,0.91,0.3158057739430957
P14_15,GLOBAL_EQ5,500,single_fold,100,0.39681343240554356,1.649363761983834,-0.3831086732594364,1.2525503295782905,0.38975117228279593,0.93,0.3158057739430957
P14_15,GLOBAL_EQ5,500,stability_lcb,100,0.7499347168332168,1.649363761983834,-0.3831086732594364,0.8994290451506172,0.5591798045455627,0.96,0.3158057739430957
P14_15,GLOBAL_EQ5,1000,family_balanced,100,0.14597329637947065,1.7923069216576213,-0.3823464714282759,1.6463336252781504,0.24405371052245659,0.99,0.3116109414909415
P14_15,GLOBAL_EQ5,1000,mean_fold,100,0.5550250946025236,1.7923069216576213,-0.3823464714282759,1.2372818270550978,0.4344053684862357,0.93,0.3116109414909415
P14_15,GLOBAL_EQ5,1000,mean_rank,100,0.4752246282773102,1.7923069216576213,-0.3823464714282759,1.3170822933803112,0.3972696509709405,0.96,0.3116109414909415
P14_15,GLOBAL_EQ5,1000,nested_complexity,100,0.5550250946025236,1.7923069216576213,-0.3823464714282759,1.2372818270550978,0.4344053684862357,0.93,0.3116109414909415
P14_15,GLOBAL_EQ5,1000,single_fold,100,0.3968561845815127,1.7923069216576213,-0.3823464714282759,1.3954507370761087,0.36008904938456476,0.99,0.3116109414909415
P14_15,GLOBAL_EQ5,1000,stability_lcb,100,0.6623219064493435,1.7923069216576213,-0.3823464714282759,1.1299850152082778,0.4829200686805057,0.99,0.3116109414909415
P14_15,GLOBAL_EQ5,2670,diverse_ensemble,100,0.9902941385715854,1.97378826891283,-0.381935804391901,0.9834941303412437,0.5825087744841239,1.0,0.311928839332205
P14_15,GLOBAL_EQ5,2670,family_balanced,100,0.16935463836997042,1.97378826891283,-0.381935804391901,1.8044336305428592,0.23402165347340229,1.0,0.311928839332205
P14_15,GLOBAL_EQ5,2670,mean_fold,100,0.18264241653184288,1.97378826891283,-0.381935804391901,1.7911458523809862,0.23966228783820362,1.0,0.311928839332205
P14_15,GLOBAL_EQ5,2670,mean_rank,100,0.18264241653184288,1.97378826891283,-0.381935804391901,1.7911458523809862,0.23966228783820362,1.0,0.311928839332205
P14_15,GLOBAL_EQ5,2670,nested_complexity,100,0.18264241653184288,1.97378826891283,-0.381935804391901,1.7911458523809862,0.23966228783820362,1.0,0.311928839332205
P14_15,GLOBAL_EQ5,2670,single_fold,100,0.6773626075396895,1.97378826891283,-0.381935804391901,1.2964256613731402,0.4496699863687991,1.0,0.311928839332205
P14_15,GLOBAL_EQ5,2670,stability_lcb,100,0.18264241653184288,1.97378826891283,-0.381935804391901,1.7911458523809862,0.23966228783820362,1.0,0.311928839332205
P14_15,LOO_DBC,25,family_balanced,100,-0.28155390744251063,0.7831753523840986,-0.41404166293933997,1.0647292598266094,0.1249232141891757,0.34,0.15410000000000001
P14_15,LOO_DBC,25,mean_fold,100,-0.11286362146096085,0.7831753523840986,-0.41404166293933997,0.8960389738450596,0.26006635348693724,0.45,0.15410000000000001
P14_15,LOO_DBC,25,mean_rank,100,-0.06017450270924279,0.7831753523840986,-0.41404166293933997,0.8433498550933416,0.3084705073368193,0.48,0.15410000000000001
P14_15,LOO_DBC,25,nested_complexity,100,-0.11286362146096085,0.7831753523840986,-0.41404166293933997,0.8960389738450596,0.26006635348693724,0.45,0.15410000000000001
P14_15,LOO_DBC,25,single_fold,100,0.07839971229048552,0.7831753523840986,-0.41404166293933997,0.7047756400936132,0.41327006857010706,0.56,0.15410000000000001
P14_15,LOO_DBC,25,stability_lcb,100,-0.01620940883350336,0.7831753523840986,-0.41404166293933997,0.7993847612176022,0.3545023800700093,0.51,0.15410000000000001
P14_15,LOO_DBC,100,family_balanced,100,-0.1510618675893074,1.1765800871535619,-0.41591088017481215,1.327641954742869,0.17904994625267268,0.43,0.18006396639663969
P14_15,LOO_DBC,100,mean_fold,100,0.004286779203905529,1.1765800871535619,-0.41591088017481215,1.1722933079496562,0.26680346555662415,0.52,0.18006396639663969
P14_15,LOO_DBC,100,mean_rank,100,-0.008074268915745595,1.1765800871535619,-0.41591088017481215,1.1846543560693075,0.26202422251422486,0.49,0.18006396639663969
P14_15,LOO_DBC,100,nested_complexity,100,0.004286779203905529,1.1765800871535619,-0.41591088017481215,1.1722933079496562,0.26680346555662415,0.52,0.18006396639663969
P14_15,LOO_DBC,100,single_fold,100,0.34329616556854814,1.1765800871535619,-0.41591088017481215,0.8332839215850139,0.49072967670756024,0.74,0.18006396639663969
P14_15,LOO_DBC,100,stability_lcb,100,0.07451760292472341,1.1765800871535619,-0.41591088017481215,1.1020624842288385,0.31365862643266246,0.52,0.18006396639663969
P14_15,LOO_DBC,500,family_balanced,100,-0.17770975706040917,1.5855906026656401,-0.41286391316125304,1.7633003597260488,0.12085968485177802,0.24,0.1809981419125677
P14_15,LOO_DBC,500,mean_fold,100,-0.020882577968771562,1.5855906026656401,-0.41286391316125304,1.6064731806344112,0.1991288827645724,0.51,0.1809981419125677
P14_15,LOO_DBC,500,mean_rank,100,0.011167172225433841,1.5855906026656401,-0.41286391316125304,1.5744234304402056,0.21289245789584899,0.53,0.1809981419125677
P14_15,LOO_DBC,500,nested_complexity,100,-0.020882577968771562,1.5855906026656401,-0.41286391316125304,1.6064731806344112,0.1991288827645724,0.51,0.1809981419125677
P14_15,LOO_DBC,500,single_fold,100,0.3789631656670311,1.5855906026656401,-0.41286391316125304,1.2066274369986092,0.4025850657491587,0.92,0.1809981419125677
P14_15,LOO_DBC,500,stability_lcb,100,-0.009099912163940188,1.5855906026656401,-0.41286391316125304,1.5946905148295798,0.20273101674919458,0.55,0.1809981419125677
P14_15,LOO_DBC,1000,family_balanced,100,-0.1625335753608341,1.8201692497431596,-0.4140661521842505,1.9827028251039938,0.11310704743434559,0.08,0.1793977765177765
P14_15,LOO_DBC,1000,mean_fold,100,0.029117292029472185,1.8201692497431596,-0.4140661521842505,1.7910519577136872,0.19884982599422088,0.64,0.1793977765177765
P14_15,LOO_DBC,1000,mean_rank,100,0.04866161752679424,1.8201692497431596,-0.4140661521842505,1.7715076322163654,0.2079055794875884,0.72,0.1793977765177765
P14_15,LOO_DBC,1000,nested_complexity,100,0.029117292029472185,1.8201692497431596,-0.4140661521842505,1.7910519577136872,0.19884982599422088,0.64,0.1793977765177765
P14_15,LOO_DBC,1000,single_fold,100,0.3069254994232239,1.8201692497431596,-0.4140661521842505,1.5132437503199359,0.327157750035444,0.97,0.1793977765177765
P14_15,LOO_DBC,1000,stability_lcb,100,0.05180587468338861,1.8201692497431596,-0.4140661521842505,1.768363375059771,0.20934028985256548,0.74,0.1793977765177765
P14_15,LOO_DBC,2670,diverse_ensemble,100,-0.10122341369137723,1.9885257482450367,-0.41402683852542316,2.0897491619364144,0.13019628646485532,0.0,0.17943615260279777
P14_15,LOO_DBC,2670,family_balanced,100,-0.1359115192723268,1.9885257482450367,-0.41402683852542316,2.1244372675173637,0.11575826509876411,0.0,0.17943615260279777
P14_15,LOO_DBC,2670,mean_fold,100,0.055523587129929906,1.9885257482450367,-0.41402683852542316,1.9330021611151063,0.1954381470111872,1.0,0.17943615260279777
P14_15,LOO_DBC,2670,mean_rank,100,0.055523587129929906,1.9885257482450367,-0.41402683852542316,1.9330021611151063,0.1954381470111872,1.0,0.17943615260279777
P14_15,LOO_DBC,2670,nested_complexity,100,0.055523587129929906,1.9885257482450367,-0.41402683852542316,1.9330021611151063,0.1954381470111872,1.0,0.17943615260279777
P14_15,LOO_DBC,2670,single_fold,100,0.055523587129929906,1.9885257482450367,-0.41402683852542316,1.9330021611151063,0.1954381470111872,1.0,0.17943615260279777
P14_15,LOO_DBC,2670,stability_lcb,100,0.055523587129929906,1.9885257482450367,-0.41402683852542316,1.9330021611151063,0.1954381470111872,1.0,0.17943615260279777
P14_15,LOO_EEM,25,family_balanced,100,0.23255790845999158,0.9836646278089408,-0.3603078070409191,0.7511067193489489,0.45604999730938334,0.69,0.39041538461538466
P14_15,LOO_EEM,25,mean_fold,100,0.2851139207478763,0.9836646278089408,-0.3603078070409191,0.6985507070610645,0.49750689557596806,0.73,0.39041538461538466
P14_15,LOO_EEM,25,mean_rank,100,0.28875059354035765,0.9836646278089408,-0.3603078070409191,0.694914034268583,0.4964585210212337,0.73,0.39041538461538466
P14_15,LOO_EEM,25,nested_complexity,100,0.2851139207478763,0.9836646278089408,-0.3603078070409191,0.6985507070610645,0.49750689557596806,0.73,0.39041538461538466
P14_15,LOO_EEM,25,single_fold,100,0.013583546656924777,0.9836646278089408,-0.3603078070409191,0.970081081152016,0.2633926708301501,0.45,0.39041538461538466
P14_15,LOO_EEM,25,stability_lcb,100,0.24778383351874908,0.9836646278089408,-0.3603078070409191,0.7358807942901915,0.4776157613766712,0.68,0.39041538461538466
P14_15,LOO_EEM,100,family_balanced,100,0.3708035542379288,1.3713233921644816,-0.3587319042777736,1.000519837926553,0.44933390775525966,0.79,0.41267302730273037
P14_15,LOO_EEM,100,mean_fold,100,0.38968805131133566,1.3713233921644816,-0.3587319042777736,0.981635340853146,0.45564378791111076,0.86,0.41267302730273037
P14_15,LOO_EEM,100,mean_rank,100,0.36532245735506974,1.3713233921644816,-0.3587319042777736,1.0060009348094119,0.4456001387891791,0.78,0.41267302730273037
P14_15,LOO_EEM,100,nested_complexity,100,0.38968805131133566,1.3713233921644816,-0.3587319042777736,0.981635340853146,0.45564378791111076,0.86,0.41267302730273037
P14_15,LOO_EEM,100,single_fold,100,0.3764701420098765,1.3713233921644816,-0.3587319042777736,0.9948532501546051,0.4417818857873817,0.77,0.41267302730273037
P14_15,LOO_EEM,100,stability_lcb,100,0.30307532836790474,1.3713233921644816,-0.3587319042777736,1.068248063796577,0.40462169362159345,0.71,0.41267302730273037
P14_15,LOO_EEM,500,family_balanced,100,0.5511888828584389,1.8382509228995594,-0.3579533160086893,1.2870620400411203,0.42433499034378747,0.97,0.4228862784251137
P14_15,LOO_EEM,500,mean_fold,100,0.31567709982038533,1.8382509228995594,-0.3579533160086893,1.5225738230791739,0.3161778682627649,0.78,0.4228862784251137
P14_15,LOO_EEM,500,mean_rank,100,0.3309187301989375,1.8382509228995594,-0.3579533160086893,1.5073321927006216,0.32376023106937607,0.77,0.4228862784251137
P14_15,LOO_EEM,500,nested_complexity,100,0.31567709982038533,1.8382509228995594,-0.3579533160086893,1.5225738230791739,0.3161778682627649,0.78,0.4228862784251137
P14_15,LOO_EEM,500,single_fold,100,0.15120643369985148,1.8382509228995594,-0.3579533160086893,1.6870444891997076,0.24238794275405606,0.6,0.4228862784251137
P14_15,LOO_EEM,500,stability_lcb,100,0.26100552095927193,1.8382509228995594,-0.3579533160086893,1.5772454019402875,0.29126859816031414,0.74,0.4228862784251137
P14_15,LOO_EEM,1000,family_balanced,100,0.5866735922030851,2.159151669987434,-0.35868838052437707,1.5724780777843494,0.38436992299344874,1.0,0.42453161769161774
P14_15,LOO_EEM,1000,mean_fold,100,0.24565952599772053,2.159151669987434,-0.35868838052437707,1.913492143989714,0.24547345921408703,0.68,0.42453161769161774
P14_15,LOO_EEM,1000,mean_rank,100,0.28629494430839125,2.159151669987434,-0.35868838052437707,1.8728567256790427,0.2617454045430604,0.69,0.42453161769161774
P14_15,LOO_EEM,1000,nested_complexity,100,0.24565952599772053,2.159151669987434,-0.35868838052437707,1.913492143989714,0.24547345921408703,0.68,0.42453161769161774
P14_15,LOO_EEM,1000,single_fold,100,-0.019560388828354272,2.159151669987434,-0.35868838052437707,2.178712058815788,0.13688132464298278,0.39,0.42453161769161774
P14_15,LOO_EEM,1000,stability_lcb,100,0.1911918470588006,2.159151669987434,-0.35868838052437707,1.9679598229286335,0.22466552976520027,0.64,0.42453161769161774
P14_15,LOO_EEM,2670,diverse_ensemble,100,0.34345809731189925,2.497843832384341,-0.3574850771776539,2.1543857350724425,0.2454859656070505,1.0,0.42544583121728907
P14_15,LOO_EEM,2670,family_balanced,100,0.5715436370768493,2.497843832384341,-0.3574850771776539,1.9263001953074919,0.32536661928625776,1.0,0.42544583121728907
P14_15,LOO_EEM,2670,mean_fold,100,-0.10591506034767179,2.497843832384341,-0.3574850771776539,2.603758892732013,0.08810544241944186,0.0,0.42544583121728907
P14_15,LOO_EEM,2670,mean_rank,100,-0.10591506034767179,2.497843832384341,-0.3574850771776539,2.603758892732013,0.08810544241944186,0.0,0.42544583121728907
P14_15,LOO_EEM,2670,nested_complexity,100,-0.10591506034767179,2.497843832384341,-0.3574850771776539,2.603758892732013,0.08810544241944186,0.0,0.42544583121728907
P14_15,LOO_EEM,2670,single_fold,100,-0.10591506034767179,2.497843832384341,-0.3574850771776539,2.603758892732013,0.08810544241944186,0.0,0.42544583121728907
P14_15,LOO_EEM,2670,stability_lcb,100,-0.10591506034767179,2.497843832384341,-0.3574850771776539,2.603758892732013,0.08810544241944186,0.0,0.42544583121728907
P14_15,LOO_EFA,25,family_balanced,100,0.317925596943764,0.9732763647135347,-0.33207164920933324,0.6553507677697706,0.4913224033812976,0.71,0.4444461538461538
P14_15,LOO_EFA,25,mean_fold,100,0.40316182409918466,0.9732763647135347,-0.33207164920933324,0.5701145406143501,0.561839913545274,0.72,0.4444461538461538
P14_15,LOO_EFA,25,mean_rank,100,0.3310663157165014,0.9732763647135347,-0.33207164920933324,0.6422100489970332,0.5084193202554086,0.69,0.4444461538461538
P14_15,LOO_EFA,25,nested_complexity,100,0.40316182409918466,0.9732763647135347,-0.33207164920933324,0.5701145406143501,0.561839913545274,0.72,0.4444461538461538
P14_15,LOO_EFA,25,single_fold,100,-0.004052604775891346,0.9732763647135347,-0.33207164920933324,0.9773289694894263,0.2326005653895128,0.49,0.4444461538461538
P14_15,LOO_EFA,25,stability_lcb,100,0.3045795107677702,0.9732763647135347,-0.33207164920933324,0.6686968539457646,0.4937315937454879,0.71,0.4444461538461538
P14_15,LOO_EFA,100,family_balanced,100,0.5515539458625652,1.3543395927840922,-0.33251326706986517,0.8027856469215271,0.545612928306709,0.81,0.47492385238523843
P14_15,LOO_EFA,100,mean_fold,100,0.48986627763545115,1.3543395927840922,-0.33251326706986517,0.864473315148641,0.5012281978594809,0.79,0.47492385238523843
P14_15,LOO_EFA,100,mean_rank,100,0.5193385444244684,1.3543395927840922,-0.33251326706986517,0.8350010483596239,0.5239878689050901,0.86,0.47492385238523843
P14_15,LOO_EFA,100,nested_complexity,100,0.48986627763545115,1.3543395927840922,-0.33251326706986517,0.864473315148641,0.5012281978594809,0.79,0.47492385238523843
P14_15,LOO_EFA,100,single_fold,100,0.3053477493394421,1.3543395927840922,-0.33251326706986517,1.0489918434446504,0.3958944628131876,0.77,0.47492385238523843
P14_15,LOO_EFA,100,stability_lcb,100,0.35796781151921264,1.3543395927840922,-0.33251326706986517,0.9963717812648797,0.42022831618419026,0.74,0.47492385238523843
P14_15,LOO_EFA,500,family_balanced,100,0.6838832363356547,1.7968344984814766,-0.33312801843139267,1.112951262145822,0.49106085150936735,0.91,0.48229869847479384
P14_15,LOO_EFA,500,mean_fold,100,0.3084188979072783,1.7968344984814766,-0.33312801843139267,1.4884156005741986,0.3148869000076033,0.66,0.48229869847479384
P14_15,LOO_EFA,500,mean_rank,100,0.40836273963101066,1.7968344984814766,-0.33312801843139267,1.388471758850466,0.36138118768934274,0.83,0.48229869847479384
P14_15,LOO_EFA,500,nested_complexity,100,0.3084188979072783,1.7968344984814766,-0.33312801843139267,1.4884156005741986,0.3148869000076033,0.66,0.48229869847479384
P14_15,LOO_EFA,500,single_fold,100,0.2865575313115354,1.7968344984814766,-0.33312801843139267,1.5102769671699414,0.3014450527691874,0.7,0.48229869847479384
P14_15,LOO_EFA,500,stability_lcb,100,0.2948532117873232,1.7968344984814766,-0.33312801843139267,1.5019812866941535,0.30993765672621376,0.67,0.48229869847479384
P14_15,LOO_EFA,1000,family_balanced,100,0.7571557239222806,2.1299601649697597,-0.33253154460154155,1.372804441047479,0.45494600710613303,1.0,0.48245386913386923
P14_15,LOO_EFA,1000,mean_fold,100,0.17616906484537137,2.1299601649697597,-0.33253154460154155,1.9537911001243884,0.21181761497136314,0.52,0.48245386913386923
P14_15,LOO_EFA,1000,mean_rank,100,0.33504817841079193,2.1299601649697597,-0.33253154460154155,1.7949119865589673,0.27812801541566307,0.69,0.48245386913386923
P14_15,LOO_EFA,1000,nested_complexity,100,0.17616906484537137,2.1299601649697597,-0.33253154460154155,1.9537911001243884,0.21181761497136314,0.52,0.48245386913386923
P14_15,LOO_EFA,1000,single_fold,100,0.24755173890708054,2.1299601649697597,-0.33253154460154155,1.8824084260626797,0.24032988252297627,0.61,0.48245386913386923
P14_15,LOO_EFA,1000,stability_lcb,100,0.3267485899480601,2.1299601649697597,-0.33253154460154155,1.8032115750216997,0.27314147547613005,0.66,0.48245386913386923
P14_15,LOO_EFA,2670,diverse_ensemble,100,0.6225647381608113,2.523096624405889,-0.3305342397929265,1.9005318862450782,0.33399518834449154,1.0,0.48289477082071
P14_15,LOO_EFA,2670,family_balanced,100,0.721871975180007,2.523096624405889,-0.3305342397929265,1.8012246492258817,0.36879549775559606,1.0,0.48289477082071
P14_15,LOO_EFA,2670,mean_fold,100,-0.012186095655677479,2.523096624405889,-0.3305342397929265,2.535282720061566,0.1115589784688667,0.0,0.48289477082071
P14_15,LOO_EFA,2670,mean_rank,100,-0.012186095655677479,2.523096624405889,-0.3305342397929265,2.535282720061566,0.1115589784688667,0.0,0.48289477082071
P14_15,LOO_EFA,2670,nested_complexity,100,-0.012186095655677479,2.523096624405889,-0.3305342397929265,2.535282720061566,0.1115589784688667,0.0,0.48289477082071
P14_15,LOO_EFA,2670,single_fold,100,-0.012186095655677479,2.523096624405889,-0.3305342397929265,2.535282720061566,0.1115589784688667,0.0,0.48289477082071
P14_15,LOO_EFA,2670,stability_lcb,100,-0.012186095655677479,2.523096624405889,-0.3305342397929265,2.535282720061566,0.1115589784688667,0.0,0.48289477082071
P14_15,LOO_GLD,25,family_balanced,100,0.10449263543060856,1.0044857887320577,-0.33535669366151644,0.8999931533014491,0.34390243539423393,0.61,0.4144076923076924
P14_15,LOO_GLD,25,mean_fold,100,0.40204122343914434,1.0044857887320577,-0.33535669366151644,0.6024445652929136,0.5395863731032043,0.77,0.4144076923076924
P14_15,LOO_GLD,25,mean_rank,100,0.41456394581593337,1.0044857887320577,-0.33535669366151644,0.5899218429161245,0.5515571554191828,0.81,0.4144076923076924
P14_15,LOO_GLD,25,nested_complexity,100,0.40204122343914434,1.0044857887320577,-0.33535669366151644,0.6024445652929136,0.5395863731032043,0.77,0.4144076923076924
P14_15,LOO_GLD,25,single_fold,100,-0.06203168690647171,1.0044857887320577,-0.33535669366151644,1.0665174756385294,0.21210555593713842,0.47,0.4144076923076924
P14_15,LOO_GLD,25,stability_lcb,100,0.20812937722149782,1.0044857887320577,-0.33535669366151644,0.79635641151056,0.41003867383137177,0.7,0.4144076923076924
P14_15,LOO_GLD,100,family_balanced,100,0.3983831480762089,1.302204226294907,-0.3333464958877404,0.9038210782186981,0.4468456841946243,0.81,0.444963096309631
P14_15,LOO_GLD,100,mean_fold,100,0.5401718238318627,1.302204226294907,-0.3333464958877404,0.7620324024630443,0.534476255800354,0.83,0.444963096309631
P14_15,LOO_GLD,100,mean_rank,100,0.5849081375478384,1.302204226294907,-0.3333464958877404,0.7172960887470685,0.569724040803674,0.93,0.444963096309631
P14_15,LOO_GLD,100,nested_complexity,100,0.5401718238318627,1.302204226294907,-0.3333464958877404,0.7620324024630443,0.534476255800354,0.83,0.444963096309631
P14_15,LOO_GLD,100,single_fold,100,0.009698124011161215,1.302204226294907,-0.3333464958877404,1.2925061022837454,0.21454872957258872,0.58,0.444963096309631
P14_15,LOO_GLD,100,stability_lcb,100,0.5073748223981799,1.302204226294907,-0.3333464958877404,0.7948294038967272,0.5207749777076153,0.89,0.444963096309631
P14_15,LOO_GLD,500,family_balanced,100,0.6558472706071062,1.602603103519361,-0.3297991339970271,0.9467558329122546,0.5163472793053475,1.0,0.45110371545486183
P14_15,LOO_GLD,500,mean_fold,100,0.6265854097914457,1.602603103519361,-0.3297991339970271,0.9760176937279154,0.50079930353238,0.95,0.45110371545486183
P14_15,LOO_GLD,500,mean_rank,100,0.6336453024351708,1.602603103519361,-0.3297991339970271,0.9689578010841902,0.504098339871651,1.0,0.45110371545486183
P14_15,LOO_GLD,500,nested_complexity,100,0.6265854097914457,1.602603103519361,-0.3297991339970271,0.9760176937279154,0.50079930353238,0.95,0.45110371545486183
P14_15,LOO_GLD,500,single_fold,100,0.3153584403495484,1.602603103519361,-0.3297991339970271,1.2872446631698125,0.3359808879256399,0.92,0.45110371545486183
P14_15,LOO_GLD,500,stability_lcb,100,0.5836576963853681,1.602603103519361,-0.3297991339970271,1.018945407133993,0.48051661594529577,0.98,0.45110371545486183
P14_15,LOO_GLD,1000,family_balanced,100,0.5899288793886757,1.7361718948103866,-0.32890969239358286,1.146243015421711,0.4472365807888712,1.0,0.45249619665619667
P14_15,LOO_GLD,1000,mean_fold,100,0.48894092939007083,1.7361718948103866,-0.32890969239358286,1.2472309654203158,0.3997250437393489,0.99,0.45249619665619667
P14_15,LOO_GLD,1000,mean_rank,100,0.48143527523862306,1.7361718948103866,-0.32890969239358286,1.2547366195717635,0.39555082467034486,1.0,0.45249619665619667
P14_15,LOO_GLD,1000,nested_complexity,100,0.48894092939007083,1.7361718948103866,-0.32890969239358286,1.2472309654203158,0.3997250437393489,0.99,0.45249619665619667
P14_15,LOO_GLD,1000,single_fold,100,0.3287369121717812,1.7361718948103866,-0.32890969239358286,1.4074349826386052,0.31977660979131,0.98,0.45249619665619667
P14_15,LOO_GLD,1000,stability_lcb,100,0.2987167148386891,1.7361718948103866,-0.32890969239358286,1.4374551799716977,0.3068288125852067,1.0,0.45249619665619667
P14_15,LOO_GLD,2670,diverse_ensemble,100,1.1649306087624338,1.8561033339144084,-0.32717942629322494,0.6911727251519753,0.6834250067150062,1.0,0.4527096877784889
P14_15,LOO_GLD,2670,family_balanced,100,0.08988092317581034,1.8561033339144084,-0.32717942629322494,1.7662224107385986,0.1910244321396886,1.0,0.4527096877784889
P14_15,LOO_GLD,2670,mean_fold,100,0.08988092317581034,1.8561033339144084,-0.32717942629322494,1.7662224107385986,0.1910244321396886,1.0,0.4527096877784889
P14_15,LOO_GLD,2670,mean_rank,100,0.08988092317581034,1.8561033339144084,-0.32717942629322494,1.7662224107385986,0.1910244321396886,1.0,0.4527096877784889
P14_15,LOO_GLD,2670,nested_complexity,100,0.08988092317581034,1.8561033339144084,-0.32717942629322494,1.7662224107385986,0.1910244321396886,1.0,0.4527096877784889
P14_15,LOO_GLD,2670,single_fold,100,0.08988092317581034,1.8561033339144084,-0.32717942629322494,1.7662224107385986,0.1910244321396886,1.0,0.4527096877784889
P14_15,LOO_GLD,2670,stability_lcb,100,0.08988092317581034,1.8561033339144084,-0.32717942629322494,1.7662224107385986,0.1910244321396886,1.0,0.4527096877784889
P14_15,LOO_IWM,25,family_balanced,100,0.35399097848854333,1.0099692205350883,-0.3154939202759158,0.655978242046545,0.5171133193538818,0.77,0.4377692307692307
P14_15,LOO_IWM,25,mean_fold,100,0.46873839092825853,1.0099692205350883,-0.3154939202759158,0.5412308296068296,0.6044957435196698,0.84,0.4377692307692307
P14_15,LOO_IWM,25,mean_rank,100,0.39945568697087147,1.0099692205350883,-0.3154939202759158,0.6105135335642167,0.565490753868353,0.83,0.4377692307692307
P14_15,LOO_IWM,25,nested_complexity,100,0.46873839092825853,1.0099692205350883,-0.3154939202759158,0.5412308296068296,0.6044957435196698,0.84,0.4377692307692307
P14_15,LOO_IWM,25,single_fold,100,0.0006878945666989833,1.0099692205350883,-0.3154939202759158,1.0092813259683893,0.23872658956541407,0.54,0.4377692307692307
P14_15,LOO_IWM,25,stability_lcb,100,0.3066590259475398,1.0099692205350883,-0.3154939202759158,0.7033101945875485,0.4970667941005753,0.79,0.4377692307692307
P14_15,LOO_IWM,100,family_balanced,100,0.629049327903671,1.333214823242915,-0.3127142256877915,0.7041654953392442,0.5882915905578748,0.94,0.4748079207920792
P14_15,LOO_IWM,100,mean_fold,100,0.5035581317867667,1.333214823242915,-0.3127142256877915,0.8296566914561484,0.5102999064856699,0.9,0.4748079207920792
P14_15,LOO_IWM,100,mean_rank,100,0.5493652220492554,1.333214823242915,-0.3127142256877915,0.7838496011936595,0.5437539476339504,0.94,0.4748079207920792
P14_15,LOO_IWM,100,nested_complexity,100,0.5035581317867667,1.333214823242915,-0.3127142256877915,0.8296566914561484,0.5102999064856699,0.9,0.4748079207920792
P14_15,LOO_IWM,100,single_fold,100,0.14344837963547458,1.333214823242915,-0.3127142256877915,1.1897664436074404,0.277172206997702,0.68,0.4748079207920792
P14_15,LOO_IWM,100,stability_lcb,100,0.46858386573534766,1.333214823242915,-0.3127142256877915,0.8646309575075674,0.4991445391357223,0.91,0.4748079207920792
P14_15,LOO_IWM,500,family_balanced,100,0.6654641345606542,1.7127518898189333,-0.31183842241151927,1.0472877552582789,0.49835237187858183,1.0,0.4768626124104496
P14_15,LOO_IWM,500,mean_fold,100,0.3856968099307489,1.7127518898189333,-0.31183842241151927,1.3270550798881846,0.3585201267949114,0.96,0.4768626124104496
P14_15,LOO_IWM,500,mean_rank,100,0.42275864633511306,1.7127518898189333,-0.31183842241151927,1.2899932434838204,0.37421979397775024,0.98,0.4768626124104496
P14_15,LOO_IWM,500,nested_complexity,100,0.3856968099307489,1.7127518898189333,-0.31183842241151927,1.3270550798881846,0.3585201267949114,0.96,0.4768626124104496
P14_15,LOO_IWM,500,single_fold,100,0.23992196530142482,1.7127518898189333,-0.31183842241151927,1.4728299245175085,0.2769425089965135,0.89,0.4768626124104496
P14_15,LOO_IWM,500,stability_lcb,100,0.40736077435798296,1.7127518898189333,-0.31183842241151927,1.30539111546095,0.3745491920842282,0.92,0.4768626124104496
P14_15,LOO_IWM,1000,family_balanced,100,0.7690005385639409,2.033453043839233,-0.3111529442692931,1.264452505275292,0.471861317504778,1.0,0.47778582054582047
P14_15,LOO_IWM,1000,mean_fold,100,0.24483494072018164,2.033453043839233,-0.3111529442692931,1.788618103119051,0.2402248960254048,0.98,0.47778582054582047
P14_15,LOO_IWM,1000,mean_rank,100,0.3102749642457724,2.033453043839233,-0.3111529442692931,1.7231780795934604,0.2689908532058498,0.98,0.47778582054582047
P14_15,LOO_IWM,1000,nested_complexity,100,0.24483494072018164,2.033453043839233,-0.3111529442692931,1.788618103119051,0.2402248960254048,0.98,0.47778582054582047
P14_15,LOO_IWM,1000,single_fold,100,0.2918885946157656,2.033453043839233,-0.3111529442692931,1.7415644492234668,0.2619796613966074,0.98,0.47778582054582047
P14_15,LOO_IWM,1000,stability_lcb,100,0.27163364171559773,2.033453043839233,-0.3111529442692931,1.7618194021236349,0.2534484223811827,0.93,0.47778582054582047
P14_15,LOO_IWM,2670,diverse_ensemble,100,0.4722047472552787,2.370202772917303,-0.30927006861717865,1.8979980256620237,0.2916524488544255,1.0,0.4781277379877992
P14_15,LOO_IWM,2670,family_balanced,100,0.8361289869667669,2.370202772917303,-0.30927006861717865,1.5340737859505365,0.4274717914020721,1.0,0.4781277379877992
P14_15,LOO_IWM,2670,mean_fold,100,0.013609879125283142,2.370202772917303,-0.30927006861717865,2.3565928937920195,0.12050129515683196,1.0,0.4781277379877992
P14_15,LOO_IWM,2670,mean_rank,100,0.013609879125283142,2.370202772917303,-0.30927006861717865,2.3565928937920195,0.12050129515683196,1.0,0.4781277379877992
P14_15,LOO_IWM,2670,nested_complexity,100,0.013609879125283142,2.370202772917303,-0.30927006861717865,2.3565928937920195,0.12050129515683196,1.0,0.4781277379877992
P14_15,LOO_IWM,2670,single_fold,100,0.013609879125283142,2.370202772917303,-0.30927006861717865,2.3565928937920195,0.12050129515683196,1.0,0.4781277379877992
P14_15,LOO_IWM,2670,stability_lcb,100,0.013609879125283142,2.370202772917303,-0.30927006861717865,2.3565928937920195,0.12050129515683196,1.0,0.4781277379877992
P14_15,LOO_QQQ,25,family_balanced,100,0.04073922252454816,0.8104690669222891,-0.320697624006247,0.7697298443977411,0.3236980345522148,0.57,0.36919230769230765
P14_15,LOO_QQQ,25,mean_fold,100,0.31431116260144726,0.8104690669222891,-0.320697624006247,0.49615790432084206,0.5648415983749296,0.79,0.36919230769230765
P14_15,LOO_QQQ,25,mean_rank,100,0.25283522063161246,0.8104690669222891,-0.320697624006247,0.5576338462906768,0.5155193498693473,0.75,0.36919230769230765
P14_15,LOO_QQQ,25,nested_complexity,100,0.31431116260144726,0.8104690669222891,-0.320697624006247,0.49615790432084206,0.5648415983749296,0.79,0.36919230769230765
P14_15,LOO_QQQ,25,single_fold,100,-0.04309899124421764,0.8104690669222891,-0.320697624006247,0.8535680581665068,0.2657911015779108,0.52,0.36919230769230765
P14_15,LOO_QQQ,25,stability_lcb,100,0.1519045625432069,0.8104690669222891,-0.320697624006247,0.6585645043790823,0.427053073415739,0.63,0.36919230769230765
P14_15,LOO_QQQ,100,family_balanced,100,0.30873645982563114,1.125553844739251,-0.31614478902292,0.8168173849136199,0.4434925322738201,0.81,0.40798211821182107
P14_15,LOO_QQQ,100,mean_fold,100,0.46492148492590146,1.125553844739251,-0.31614478902292,0.6606323598133496,0.5645452235329781,0.93,0.40798211821182107
P14_15,LOO_QQQ,100,mean_rank,100,0.4487991291833176,1.125553844739251,-0.31614478902292,0.6767547155559335,0.5441770345404765,0.92,0.40798211821182107
P14_15,LOO_QQQ,100,nested_complexity,100,0.46492148492590146,1.125553844739251,-0.31614478902292,0.6606323598133496,0.5645452235329781,0.93,0.40798211821182107
P14_15,LOO_QQQ,100,single_fold,100,0.2782269881062954,1.125553844739251,-0.31614478902292,0.8473268566329556,0.4285194076492553,0.82,0.40798211821182107
P14_15,LOO_QQQ,100,stability_lcb,100,0.36015557364102363,1.125553844739251,-0.31614478902292,0.7653982710982273,0.48444367271128436,0.84,0.40798211821182107
P14_15,LOO_QQQ,500,family_balanced,100,0.5143108063599797,1.4952206867733762,-0.3132106201809217,0.9809098804133966,0.4775732900953244,0.99,0.4079003218412874
P14_15,LOO_QQQ,500,mean_fold,100,0.37127804453704677,1.4952206867733762,-0.3132106201809217,1.1239426422363294,0.39283717321787565,0.93,0.4079003218412874
P14_15,LOO_QQQ,500,mean_rank,100,0.453333697382028,1.4952206867733762,-0.3132106201809217,1.0418869893913483,0.44371778127255496,0.95,0.4079003218412874
P14_15,LOO_QQQ,500,nested_complexity,100,0.37127804453704677,1.4952206867733762,-0.3132106201809217,1.1239426422363294,0.39283717321787565,0.93,0.4079003218412874
P14_15,LOO_QQQ,500,single_fold,100,0.28643583343397117,1.4952206867733762,-0.3132106201809217,1.208784853339405,0.34233932733013994,0.93,0.4079003218412874
P14_15,LOO_QQQ,500,stability_lcb,100,0.4520826360419051,1.4952206867733762,-0.3132106201809217,1.0431380507314711,0.4398833720343531,0.96,0.4079003218412874
P14_15,LOO_QQQ,1000,family_balanced,100,0.5014531598203247,1.795817843792518,-0.3128445802224592,1.294364683972194,0.3932737792586601,1.0,0.4095732706932707
P14_15,LOO_QQQ,1000,mean_fold,100,0.3333337966027583,1.795817843792518,-0.3128445802224592,1.4624840471897604,0.3091220852320913,0.97,0.4095732706932707
P14_15,LOO_QQQ,1000,mean_rank,100,0.42881413151607267,1.795817843792518,-0.3128445802224592,1.367003712276446,0.3578427671337019,0.99,0.4095732706932707
P14_15,LOO_QQQ,1000,nested_complexity,100,0.3333337966027583,1.795817843792518,-0.3128445802224592,1.4624840471897604,0.3091220852320913,0.97,0.4095732706932707
P14_15,LOO_QQQ,1000,single_fold,100,0.30469827312365877,1.795817843792518,-0.3128445802224592,1.49111957066886,0.2981766401727717,0.99,0.4095732706932707
P14_15,LOO_QQQ,1000,stability_lcb,100,0.44829684968765493,1.795817843792518,-0.3128445802224592,1.3475209941048638,0.3691086222168765,1.0,0.4095732706932707
P14_15,LOO_QQQ,2670,diverse_ensemble,100,0.6950728806925524,2.0947317442326967,-0.3121551804736919,1.3996588635401446,0.4184775158430486,1.0,0.40840560382103275
P14_15,LOO_QQQ,2670,family_balanced,100,0.1609987509076725,2.0947317442326967,-0.3121551804736919,1.933732993325026,0.19658336522771352,1.0,0.40840560382103275
P14_15,LOO_QQQ,2670,mean_fold,100,0.1609987509076725,2.0947317442326967,-0.3121551804736919,1.933732993325026,0.19658336522771352,1.0,0.40840560382103275
P14_15,LOO_QQQ,2670,mean_rank,100,0.1609987509076725,2.0947317442326967,-0.3121551804736919,1.933732993325026,0.19658336522771352,1.0,0.40840560382103275
P14_15,LOO_QQQ,2670,nested_complexity,100,0.1609987509076725,2.0947317442326967,-0.3121551804736919,1.933732993325026,0.19658336522771352,1.0,0.40840560382103275
P14_15,LOO_QQQ,2670,single_fold,100,0.1609987509076725,2.0947317442326967,-0.3121551804736919,1.933732993325026,0.19658336522771352,1.0,0.40840560382103275
P14_15,LOO_QQQ,2670,stability_lcb,100,0.1609987509076725,2.0947317442326967,-0.3121551804736919,1.933732993325026,0.19658336522771352,1.0,0.40840560382103275
P14_15,US3,25,family_balanced,100,-0.2055396686824423,0.9587074811371943,-0.41697033203985173,1.1642471498196365,0.16122347708240553,0.48,0.11474615384615383
P14_15,US3,25,mean_fold,100,-0.2038070963177347,0.9587074811371943,-0.41697033203985173,1.162514577454929,0.1699283932223603,0.46,0.11474615384615383
P14_15,US3,25,mean_rank,100,-0.2498626973932668,0.9587074811371943,-0.41697033203985173,1.208570178530461,0.12328336349651653,0.45,0.11474615384615383
P14_15,US3,25,nested_complexity,100,-0.2038070963177347,0.9587074811371943,-0.41697033203985173,1.162514577454929,0.1699283932223603,0.46,0.11474615384615383
P14_15,US3,25,single_fold,100,-0.05660985687869723,0.9587074811371943,-0.41697033203985173,1.0153173380158915,0.26133627737730425,0.45,0.11474615384615383
P14_15,US3,25,stability_lcb,100,-0.3634984880815464,0.9587074811371943,-0.41697033203985173,1.3222059692187411,0.027236861436499372,0.34,0.11474615384615383
P14_15,US3,100,family_balanced,100,-0.1463334539438014,1.3460507656505092,-0.4298324031131751,1.4923842195943104,0.16883188658548512,0.4,0.136031203120312
P14_15,US3,100,mean_fold,100,-0.06754078105079425,1.3460507656505092,-0.4298324031131751,1.4135915467013036,0.21149220562519855,0.44,0.136031203120312
P14_15,US3,100,mean_rank,100,0.06647006941759032,1.3460507656505092,-0.4298324031131751,1.2795806962329186,0.28100376669980826,0.6,0.136031203120312
P14_15,US3,100,nested_complexity,100,-0.06754078105079425,1.3460507656505092,-0.4298324031131751,1.4135915467013036,0.21149220562519855,0.44,0.136031203120312
P14_15,US3,100,single_fold,100,0.20316673876838456,1.3460507656505092,-0.4298324031131751,1.1428840268821245,0.3470865842416885,0.63,0.136031203120312
P14_15,US3,100,stability_lcb,100,-0.0023523286107013904,1.3460507656505092,-0.4298324031131751,1.3484030942612109,0.24211328470249444,0.53,0.136031203120312
P14_15,US3,500,family_balanced,100,-0.24827116002327407,1.7825975245227252,-0.4265355263621852,2.030868684546,0.08333132525798773,0.11,0.13315203820815283
P14_15,US3,500,mean_fold,100,-0.030692532288024887,1.7825975245227252,-0.4265355263621852,1.8132900568107502,0.18171635936679295,0.4,0.13315203820815283
P14_15,US3,500,mean_rank,100,0.1461452070838418,1.7825975245227252,-0.4265355263621852,1.6364523174388836,0.26091799432506346,0.62,0.13315203820815283
P14_15,US3,500,nested_complexity,100,-0.030692532288024887,1.7825975245227252,-0.4265355263621852,1.8132900568107502,0.18171635936679295,0.4,0.13315203820815283
P14_15,US3,500,single_fold,100,0.23758027142927357,1.7825975245227252,-0.4265355263621852,1.545017253093452,0.30096146827396,0.66,0.13315203820815283
P14_15,US3,500,stability_lcb,100,0.05021302687194381,1.7825975245227252,-0.4265355263621852,1.7323844976507816,0.21297123196505385,0.6,0.13315203820815283
P14_15,US3,1000,family_balanced,100,-0.2939822396000596,1.9293267660192739,-0.4274789370523026,2.223309005619334,0.056740602123953245,0.01,0.12903096339096337
P14_15,US3,1000,mean_fold,100,0.10459773079461135,1.9293267660192739,-0.4274789370523026,1.824729035224663,0.22822632547320054,0.6,0.12903096339096337
P14_15,US3,1000,mean_rank,100,0.23235949890382768,1.9293267660192739,-0.4274789370523026,1.6969672671154468,0.2816257452755272,0.77,0.12903096339096337
P14_15,US3,1000,nested_complexity,100,0.10459773079461135,1.9293267660192739,-0.4274789370523026,1.824729035224663,0.22822632547320054,0.6,0.12903096339096337
P14_15,US3,1000,single_fold,100,-0.09045808508132559,1.9293267660192739,-0.4274789370523026,2.0197848511006,0.14165873594008613,0.42,0.12903096339096337
P14_15,US3,1000,stability_lcb,100,0.2910168145069038,1.9293267660192739,-0.4274789370523026,1.6383099515123707,0.306157799331852,0.81,0.12903096339096337
P14_15,US3,2670,diverse_ensemble,100,0.10073199982694092,2.101053121133746,-0.42668712516898744,2.000321121306804,0.20865242216535976,1.0,0.1296458348199697
P14_15,US3,2670,family_balanced,100,-0.3032474069761632,2.101053121133746,-0.42668712516898744,2.404300528109908,0.0488340201780529,0.0,0.1296458348199697
P14_15,US3,2670,mean_fold,100,0.38358900050729894,2.101053121133746,-0.42668712516898744,1.7174641206264472,0.3205535564271125,1.0,0.1296458348199697
P14_15,US3,2670,mean_rank,100,0.38358900050729894,2.101053121133746,-0.42668712516898744,1.7174641206264472,0.3205535564271125,1.0,0.1296458348199697
P14_15,US3,2670,nested_complexity,100,0.38358900050729894,2.101053121133746,-0.42668712516898744,1.7174641206264472,0.3205535564271125,1.0,0.1296458348199697
P14_15,US3,2670,single_fold,100,-0.5843291395121417,2.101053121133746,-0.42668712516898744,2.6853822606458873,-0.06236479977471331,0.0,0.1296458348199697
P14_15,US3,2670,stability_lcb,100,0.38358900050729894,2.101053121133746,-0.42668712516898744,1.7174641206264472,0.3205535564271125,1.0,0.1296458348199697
P16_17,CROSS_ASSET4,25,family_balanced,100,0.007318091740914408,1.3219333153251858,-0.01854257616326868,1.3146152235842719,0.019507683345990356,0.59,-0.1281846153846154
P16_17,CROSS_ASSET4,25,mean_fold,100,-0.5145177645556837,1.3219333153251858,-0.01854257616326868,1.8364510798808695,-0.39421395818721167,0.24,-0.1281846153846154
P16_17,CROSS_ASSET4,25,mean_rank,100,-0.5220602346382333,1.3219333153251858,-0.01854257616326868,1.8439935499634195,-0.41259554341422344,0.2,-0.1281846153846154
P16_17,CROSS_ASSET4,25,nested_complexity,100,-0.5145177645556837,1.3219333153251858,-0.01854257616326868,1.8364510798808695,-0.39421395818721167,0.24,-0.1281846153846154
P16_17,CROSS_ASSET4,25,single_fold,100,-0.39305900445672143,1.3219333153251858,-0.01854257616326868,1.714992319781907,-0.2975349364347919,0.26,-0.1281846153846154
P16_17,CROSS_ASSET4,25,stability_lcb,100,-0.48993727418173827,1.3219333153251858,-0.01854257616326868,1.8118705895069243,-0.39516093219011145,0.22,-0.1281846153846154
P16_17,CROSS_ASSET4,100,family_balanced,100,-0.1306311005300185,1.7302168653985037,-0.027118908991022952,1.8608479659285226,-0.05296910736526121,0.44,-0.12991659165916591
P16_17,CROSS_ASSET4,100,mean_fold,100,-0.5718841588649037,1.7302168653985037,-0.027118908991022952,2.3021010242634072,-0.3247734294753283,0.11,-0.12991659165916591
P16_17,CROSS_ASSET4,100,mean_rank,100,-0.6068380154618577,1.7302168653985037,-0.027118908991022952,2.3370548808603617,-0.34557638511828764,0.07,-0.12991659165916591
P16_17,CROSS_ASSET4,100,nested_complexity,100,-0.5718841588649037,1.7302168653985037,-0.027118908991022952,2.3021010242634072,-0.3247734294753283,0.11,-0.12991659165916591
P16_17,CROSS_ASSET4,100,single_fold,100,-0.34049541586706833,1.7302168653985037,-0.027118908991022952,2.0707122812655725,-0.18581621412584287,0.3,-0.12991659165916591
P16_17,CROSS_ASSET4,100,stability_lcb,100,-0.599915728654597,1.7302168653985037,-0.027118908991022952,2.330132594053101,-0.3418338871521253,0.06,-0.12991659165916591
P16_17,CROSS_ASSET4,500,family_balanced,100,-0.3185087156013052,2.1758273336898264,-0.029140368731816663,2.494336049291132,-0.13404555009485716,0.36,-0.12572152304609216
P16_17,CROSS_ASSET4,500,mean_fold,100,-0.5082619848781491,2.1758273336898264,-0.029140368731816663,2.684089318567976,-0.21603783530821222,0.0,-0.12572152304609216
P16_17,CROSS_ASSET4,500,mean_rank,100,-0.45463711058073,2.1758273336898264,-0.029140368731816663,2.6304644442705567,-0.19295875263774154,0.0,-0.12572152304609216
P16_17,CROSS_ASSET4,500,nested_complexity,100,-0.5082619848781491,2.1758273336898264,-0.029140368731816663,2.684089318567976,-0.21603783530821222,0.0,-0.12572152304609216
P16_17,CROSS_ASSET4,500,single_fold,100,0.3616254133917516,2.1758273336898264,-0.029140368731816663,1.814201920298075,0.17744506779369304,0.75,-0.12572152304609216
P16_17,CROSS_ASSET4,500,stability_lcb,100,-0.42973745030416066,2.1758273336898264,-0.029140368731816663,2.6055647839939873,-0.18155112504933943,0.0,-0.12572152304609216
P16_17,CROSS_ASSET4,1000,family_balanced,100,-0.2688682268180095,2.299260088982907,-0.029015648198398587,2.5681283158009167,-0.10351891989960135,0.39,-0.1290282243882244
P16_17,CROSS_ASSET4,1000,mean_fold,100,-0.5630536817297975,2.299260088982907,-0.029015648198398587,2.8623137707127055,-0.22982766445859126,0.0,-0.1290282243882244
P16_17,CROSS_ASSET4,1000,mean_rank,100,-0.29531652613576403,2.299260088982907,-0.029015648198398587,2.5945766151186715,-0.11475749529881701,0.0,-0.1290282243882244
P16_17,CROSS_ASSET4,1000,nested_complexity,100,-0.5630536817297975,2.299260088982907,-0.029015648198398587,2.8623137707127055,-0.22982766445859126,0.0,-0.1290282243882244
P16_17,CROSS_ASSET4,1000,single_fold,100,0.5204872540627437,2.299260088982907,-0.029015648198398587,1.7787728349201637,0.23560755556908639,0.87,-0.1290282243882244
P16_17,CROSS_ASSET4,1000,stability_lcb,100,-0.2179547057801213,2.299260088982907,-0.029015648198398587,2.5172147947630292,-0.08171193454535419,0.0,-0.1290282243882244
P16_17,CROSS_ASSET4,2670,diverse_ensemble,100,-0.7986327412620985,2.3858428747913116,-0.031964728630391924,3.1844756160534113,-0.31709223328883196,0.0,-0.12856620654933823
P16_17,CROSS_ASSET4,2670,family_balanced,100,0.036039370653753136,2.3858428747913116,-0.031964728630391924,2.349803504137558,0.028126348510073763,1.0,-0.12856620654933823
P16_17,CROSS_ASSET4,2670,mean_fold,100,-1.297470714429084,2.3858428747913116,-0.031964728630391924,3.6833135892203965,-0.5234105410239163,0.0,-0.12856620654933823
P16_17,CROSS_ASSET4,2670,mean_rank,100,-0.044309257912113056,2.3858428747913116,-0.031964728630391924,2.4301521327034257,-0.005105670634938462,0.0,-0.12856620654933823
P16_17,CROSS_ASSET4,2670,nested_complexity,100,-1.297470714429084,2.3858428747913116,-0.031964728630391924,3.6833135892203965,-0.5234105410239163,0.0,-0.12856620654933823
P16_17,CROSS_ASSET4,2670,single_fold,100,0.6544318853874264,2.3858428747913116,-0.031964728630391924,1.7314109894038858,0.2838921562850673,1.0,-0.12856620654933823
P16_17,CROSS_ASSET4,2670,stability_lcb,100,-0.044309257912113056,2.3858428747913116,-0.031964728630391924,2.4301521327034257,-0.005105670634938462,0.0,-0.12856620654933823
P16_17,EQ_BOND6,25,family_balanced,100,-0.19289532715471075,1.4614707416066666,-0.08303340843860317,1.6543660687613773,-0.0748470566867012,0.42,0.14366923076923077
P16_17,EQ_BOND6,25,mean_fold,100,0.06007862419198918,1.4614707416066666,-0.08303340843860317,1.4013921174146773,0.11650730813748954,0.62,0.14366923076923077
P16_17,EQ_BOND6,25,mean_rank,100,-0.02502916094992166,1.4614707416066666,-0.08303340843860317,1.4864999025565881,0.06046972926390887,0.58,0.14366923076923077
P16_17,EQ_BOND6,25,nested_complexity,100,0.08977434855548769,1.4614707416066666,-0.08303340843860317,1.3716963930511787,0.13588174276219825,0.64,0.14366923076923077
P16_17,EQ_BOND6,25,single_fold,100,0.43145902413478077,1.4614707416066666,-0.08303340843860317,1.0300117174718857,0.3573456922378302,0.78,0.14366923076923077
P16_17,EQ_BOND6,25,stability_lcb,100,-0.1386293160248941,1.4614707416066666,-0.08303340843860317,1.6001000576315607,-0.02918248761748008,0.49,0.14366923076923077
P16_17,EQ_BOND6,100,family_balanced,100,-0.4713744311387428,1.7885587257414863,-0.08591738542987896,2.2599331568802294,-0.21244053564949217,0.35,0.12948922892289227
P16_17,EQ_BOND6,100,mean_fold,100,-0.1364213631565551,1.7885587257414863,-0.08591738542987896,1.9249800888980417,-0.023320039502554457,0.53,0.12948922892289227
P16_17,EQ_BOND6,100,mean_rank,100,0.00646916996944773,1.7885587257414863,-0.08591738542987896,1.7820895557720389,0.061790478369691516,0.6,0.12948922892289227
P16_17,EQ_BOND6,100,nested_complexity,100,-0.1982177867263374,1.7885587257414863,-0.08591738542987896,1.986776512467824,-0.05723517437944802,0.48,0.12948922892289227
P16_17,EQ_BOND6,100,single_fold,100,0.5161887129706304,1.7885587257414863,-0.08591738542987896,1.272370012770856,0.32775916704496155,0.81,0.12948922892289227
P16_17,EQ_BOND6,100,stability_lcb,100,-0.3736300353013485,1.7885587257414863,-0.08591738542987896,2.1621887610428345,-0.15773596827104408,0.4,0.12948922892289227
P16_17,EQ_BOND6,500,family_balanced,100,-1.1264430963927152,2.01089969429356,-0.09470148202448384,3.1373427906862754,-0.48971231725310704,0.14,0.13430559034236136
P16_17,EQ_BOND6,500,mean_fold,100,-1.0323412009337458,2.01089969429356,-0.09470148202448384,3.043240895227306,-0.44386343939975703,0.19,0.13430559034236136
P16_17,EQ_BOND6,500,mean_rank,100,-0.32632515458907213,2.01089969429356,-0.09470148202448384,2.337224848882633,-0.10912464077347112,0.44,0.13430559034236136
P16_17,EQ_BOND6,500,nested_complexity,100,-1.0395398428819733,2.01089969429356,-0.09470148202448384,3.0504395371755337,-0.4470793707566277,0.18,0.13430559034236136
P16_17,EQ_BOND6,500,single_fold,100,0.4129240002049929,2.01089969429356,-0.09470148202448384,1.597975694088568,0.24127819991538677,0.67,0.13430559034236136
P16_17,EQ_BOND6,500,stability_lcb,100,-0.6828595170405976,2.01089969429356,-0.09470148202448384,2.693759211334158,-0.28016162717410753,0.35,0.13430559034236136
P16_17,EQ_BOND6,1000,family_balanced,100,-1.6402576836556328,2.057330472845284,-0.09486805467787375,3.697588156500917,-0.7184689794493708,0.03,0.13619083115083117
P16_17,EQ_BOND6,1000,mean_fold,100,-1.5863181134522584,2.057330472845284,-0.09486805467787375,3.6436485862975427,-0.6928481516058578,0.09,0.13619083115083117
P16_17,EQ_BOND6,1000,mean_rank,100,-0.71056208703134,2.057330472845284,-0.09486805467787375,2.767892559876625,-0.2851487161301008,0.27,0.13619083115083117
P16_17,EQ_BOND6,1000,nested_complexity,100,-1.6529785115638091,2.057330472845284,-0.09486805467787375,3.710308984409094,-0.7246537460872078,0.05,0.13619083115083117
P16_17,EQ_BOND6,1000,single_fold,100,0.4182070992787385,2.057330472845284,-0.09486805467787375,1.639123373566546,0.23776218881538572,0.69,0.13619083115083117
P16_17,EQ_BOND6,1000,stability_lcb,100,-0.9108929374194665,2.057330472845284,-0.09486805467787375,2.968223410264751,-0.3777026244039879,0.3,0.13619083115083117
P16_17,EQ_BOND6,2670,diverse_ensemble,100,-2.211102760091045,2.0779122254381055,-0.09917822186033341,4.289014985529151,-0.970067431443378,0.0,0.13586463656314068
P16_17,EQ_BOND6,2670,family_balanced,100,-1.9730784966891417,2.0779122254381055,-0.09917822186033341,4.050990722127248,-0.8607360696263855,0.0,0.13586463656314068
P16_17,EQ_BOND6,2670,mean_fold,100,-1.9730784966891417,2.0779122254381055,-0.09917822186033341,4.050990722127248,-0.8607360696263855,0.0,0.13586463656314068
P16_17,EQ_BOND6,2670,mean_rank,100,-1.9730784966891417,2.0779122254381055,-0.09917822186033341,4.050990722127248,-0.8607360696263855,0.0,0.13586463656314068
P16_17,EQ_BOND6,2670,nested_complexity,100,-1.9730784966891417,2.0779122254381055,-0.09917822186033341,4.050990722127248,-0.8607360696263855,0.0,0.13586463656314068
P16_17,EQ_BOND6,2670,single_fold,100,0.7511676667468881,2.0779122254381055,-0.09917822186033341,1.3267445586912192,0.3905882227642028,1.0,0.13586463656314068
P16_17,EQ_BOND6,2670,stability_lcb,100,-1.9730784966891417,2.0779122254381055,-0.09917822186033341,4.050990722127248,-0.8607360696263855,0.0,0.13586463656314068
P16_17,EQ_REAL7_LOO_TLT,25,family_balanced,100,-0.5813564573140642,1.3940287410997405,-0.05559734074977698,1.9753851984138044,-0.382342103916644,0.23,0.1095153846153846
P16_17,EQ_REAL7_LOO_TLT,25,mean_fold,100,-0.14270859241767309,1.3940287410997405,-0.05559734074977698,1.5367373335174133,-0.06258577560672268,0.45,0.1095153846153846
P16_17,EQ_REAL7_LOO_TLT,25,mean_rank,100,-0.08504598138239908,1.3940287410997405,-0.05559734074977698,1.479074722482139,-0.018551668090140482,0.48,0.1095153846153846
P16_17,EQ_REAL7_LOO_TLT,25,nested_complexity,100,-0.14270859241767309,1.3940287410997405,-0.05559734074977698,1.5367373335174133,-0.06258577560672268,0.45,0.1095153846153846
P16_17,EQ_REAL7_LOO_TLT,25,single_fold,100,0.12305460875162576,1.3940287410997405,-0.05559734074977698,1.2709741323481145,0.1469877871062469,0.5,0.1095153846153846
P16_17,EQ_REAL7_LOO_TLT,25,stability_lcb,100,-0.05300539627735405,1.3940287410997405,-0.05559734074977698,1.447034137377094,-0.00015429755138212764,0.48,0.1095153846153846
P16_17,EQ_REAL7_LOO_TLT,100,family_balanced,100,-0.7560302547902356,1.7446065397299557,-0.06618439114128685,2.500636794520191,-0.3996873357182151,0.08,0.11030879087908789
P16_17,EQ_REAL7_LOO_TLT,100,mean_fold,100,-0.598811494462442,1.7446065397299557,-0.06618439114128685,2.3434180341923976,-0.3229396147320836,0.19,0.11030879087908789
P16_17,EQ_REAL7_LOO_TLT,100,mean_rank,100,-0.37913743055119586,1.7446065397299557,-0.06618439114128685,2.1237439702811516,-0.18444099293045413,0.23,0.11030879087908789
P16_17,EQ_REAL7_LOO_TLT,100,nested_complexity,100,-0.598811494462442,1.7446065397299557,-0.06618439114128685,2.3434180341923976,-0.3229396147320836,0.19,0.11030879087908789
P16_17,EQ_REAL7_LOO_TLT,100,single_fold,100,-0.22998872365571743,1.7446065397299557,-0.06618439114128685,1.9745952633856731,-0.09286679927085775,0.32,0.11030879087908789
P16_17,EQ_REAL7_LOO_TLT,100,stability_lcb,100,-0.3659390061763402,1.7446065397299557,-0.06618439114128685,2.1105455459062963,-0.18080004533731583,0.28,0.11030879087908789
P16_17,EQ_REAL7_LOO_TLT,500,family_balanced,100,-1.077229412698908,2.238402569090994,-0.0718650282438055,3.3156319817899003,-0.4402860595234144,0.0,0.12281961671846686
P16_17,EQ_REAL7_LOO_TLT,500,mean_fold,100,-1.0663226569652549,2.238402569090994,-0.0718650282438055,3.304725226056247,-0.43576657615210707,0.01,0.12281961671846686
P16_17,EQ_REAL7_LOO_TLT,500,mean_rank,100,-1.0553348758143684,2.238402569090994,-0.0718650282438055,3.293737444905361,-0.4286470629370679,0.03,0.12281961671846686
P16_17,EQ_REAL7_LOO_TLT,500,nested_complexity,100,-1.0663226569652549,2.238402569090994,-0.0718650282438055,3.304725226056247,-0.43576657615210707,0.01,0.12281961671846686
P16_17,EQ_REAL7_LOO_TLT,500,single_fold,100,-0.6695586537867837,2.238402569090994,-0.0718650282438055,2.9079612228777774,-0.2610784493783924,0.03,0.12281961671846686
P16_17,EQ_REAL7_LOO_TLT,500,stability_lcb,100,-1.0262044322754773,2.238402569090994,-0.0718650282438055,3.2646070013664708,-0.4160419135841124,0.04,0.12281961671846686
P16_17,EQ_REAL7_LOO_TLT,1000,family_balanced,100,-1.1779240611966952,2.3567366357296464,-0.07182132298387836,3.534660696926341,-0.4561418312868832,0.0,0.12000021720021721
P16_17,EQ_REAL7_LOO_TLT,1000,mean_fold,100,-1.1779240611966952,2.3567366357296464,-0.07182132298387836,3.534660696926341,-0.4561418312868832,0.0,0.12000021720021721
P16_17,EQ_REAL7_LOO_TLT,1000,mean_rank,100,-1.2528631583160992,2.3567366357296464,-0.07182132298387836,3.609599794045745,-0.48724569191512757,0.0,0.12000021720021721
P16_17,EQ_REAL7_LOO_TLT,1000,nested_complexity,100,-1.1779240611966952,2.3567366357296464,-0.07182132298387836,3.534660696926341,-0.4561418312868832,0.0,0.12000021720021721
P16_17,EQ_REAL7_LOO_TLT,1000,single_fold,100,-0.5720122303944046,2.3567366357296464,-0.07182132298387836,2.928748866124051,-0.2073303654442451,0.0,0.12000021720021721
P16_17,EQ_REAL7_LOO_TLT,1000,stability_lcb,100,-1.1466757522402082,2.3567366357296464,-0.07182132298387836,3.5034123879698535,-0.44332153558220355,0.0,0.12000021720021721
P16_17,EQ_REAL7_LOO_TLT,2670,diverse_ensemble,100,-1.2375853819908116,2.401650299318603,-0.07539363071050638,3.639235681309414,-0.4691849575984904,0.0,0.12119039391951997
P16_17,EQ_REAL7_LOO_TLT,2670,family_balanced,100,-1.300980441040943,2.401650299318603,-0.07539363071050638,3.702630740359546,-0.4947779873714364,0.0,0.12119039391951997
P16_17,EQ_REAL7_LOO_TLT,2670,mean_fold,100,-1.300980441040943,2.401650299318603,-0.07539363071050638,3.702630740359546,-0.4947779873714364,0.0,0.12119039391951997
P16_17,EQ_REAL7_LOO_TLT,2670,mean_rank,100,-1.300980441040943,2.401650299318603,-0.07539363071050638,3.702630740359546,-0.4947779873714364,0.0,0.12119039391951997
P16_17,EQ_REAL7_LOO_TLT,2670,nested_complexity,100,-1.300980441040943,2.401650299318603,-0.07539363071050638,3.702630740359546,-0.4947779873714364,0.0,0.12119039391951997
P16_17,EQ_REAL7_LOO_TLT,2670,single_fold,100,-0.8626824796989905,2.401650299318603,-0.07539363071050638,3.2643327790175936,-0.3178340276666921,0.0,0.12119039391951997
P16_17,EQ_REAL7_LOO_TLT,2670,stability_lcb,100,-1.1609074723181168,2.401650299318603,-0.07539363071050638,3.562557771636719,-0.4382295479090891,0.0,0.12119039391951997
P16_17,FULL8,25,family_balanced,100,-0.4976190743460321,1.4488006335052768,-0.056586929070500405,1.946419707851309,-0.3066392334226895,0.23,0.11983846153846153
P16_17,FULL8,25,mean_fold,100,-0.037032536014401866,1.4488006335052768,-0.056586929070500405,1.485833169519679,0.018580564600312557,0.43,0.11983846153846153
P16_17,FULL8,25,mean_rank,100,-0.005413045502650716,1.4488006335052768,-0.056586929070500405,1.454213679007928,0.051104120499539614,0.45,0.11983846153846153
P16_17,FULL8,25,nested_complexity,100,-0.037032536014401866,1.4488006335052768,-0.056586929070500405,1.485833169519679,0.018580564600312557,0.43,0.11983846153846153
P16_17,FULL8,25,single_fold,100,0.1396647817348397,1.4488006335052768,-0.056586929070500405,1.3091358517704372,0.14935572420087723,0.53,0.11983846153846153
P16_17,FULL8,25,stability_lcb,100,-0.03886451473988884,1.4488006335052768,-0.056586929070500405,1.4876651482451662,0.011532624946658956,0.4,0.11983846153846153
P16_17,FULL8,100,family_balanced,100,-0.5518696558148798,1.876376175477475,-0.06551667950420446,2.4282458312923554,-0.26358630097736646,0.22,0.10738037803780376
P16_17,FULL8,100,mean_fold,100,-0.234448004964426,1.876376175477475,-0.06551667950420446,2.110824180441901,-0.10864041527280842,0.33,0.10738037803780376
P16_17,FULL8,100,mean_rank,100,-0.0600567774549557,1.876376175477475,-0.06551667950420446,1.9364329529324311,-0.0003535027125329868,0.38,0.10738037803780376
P16_17,FULL8,100,nested_complexity,100,-0.234448004964426,1.876376175477475,-0.06551667950420446,2.110824180441901,-0.10864041527280842,0.33,0.10738037803780376
P16_17,FULL8,100,single_fold,100,0.21947911685803245,1.876376175477475,-0.06551667950420446,1.6568970586194423,0.1530621736702678,0.6,0.10738037803780376
P16_17,FULL8,100,stability_lcb,100,-0.3034476398915816,1.876376175477475,-0.06551667950420446,2.1798238153690566,-0.13367963899744761,0.25,0.10738037803780376
P16_17,FULL8,500,family_balanced,100,-0.6841355996867723,2.3200926834685505,-0.07061897596999228,3.0042282831553226,-0.2574002932062233,0.03,0.12531331693326772
P16_17,FULL8,500,mean_fold,100,-0.49064443499742244,2.3200926834685505,-0.07061897596999228,2.810737118465973,-0.17536209450436854,0.18,0.12531331693326772
P16_17,FULL8,500,mean_rank,100,-0.34065920519383175,2.3200926834685505,-0.07061897596999228,2.6607518886623818,-0.11373252557037754,0.21,0.12531331693326772
P16_17,FULL8,500,nested_complexity,100,-0.49064443499742244,2.3200926834685505,-0.07061897596999228,2.810737118465973,-0.17536209450436854,0.18,0.12531331693326772
P16_17,FULL8,500,single_fold,100,-0.3041548450687563,2.3200926834685505,-0.07061897596999228,2.6242475285373064,-0.0980074560633497,0.28,0.12531331693326772
P16_17,FULL8,500,stability_lcb,100,-0.7100023254308445,2.3200926834685505,-0.07061897596999228,3.0300950088993943,-0.26881524451207944,0.05,0.12531331693326772
P16_17,FULL8,1000,family_balanced,100,-0.6785528592890571,2.4065208925268315,-0.0706751058817613,3.085073751815888,-0.2449304501134893,0.0,0.12440402528402529
P16_17,FULL8,1000,mean_fold,100,-0.6576703506655751,2.4065208925268315,-0.0706751058817613,3.0641912431924068,-0.2361261102075787,0.03,0.12440402528402529
P16_17,FULL8,1000,mean_rank,100,-0.6390188361182577,2.4065208925268315,-0.0706751058817613,3.0455397286450885,-0.22924283893628503,0.04,0.12440402528402529
P16_17,FULL8,1000,nested_complexity,100,-0.6576703506655751,2.4065208925268315,-0.0706751058817613,3.0641912431924068,-0.2361261102075787,0.03,0.12440402528402529
P16_17,FULL8,1000,single_fold,100,-0.5438009229050301,2.4065208925268315,-0.0706751058817613,2.950321815431862,-0.19112850998899666,0.06,0.12440402528402529
P16_17,FULL8,1000,stability_lcb,100,-0.8248620662845657,2.4065208925268315,-0.0706751058817613,3.231382958811397,-0.3047274580619622,0.0,0.12440402528402529
P16_17,FULL8,2670,diverse_ensemble,100,-1.1426989392182783,2.4773214076772656,-0.0746465242922657,3.620020346895544,-0.4185210956399923,0.0,0.12388622435860296
P16_17,FULL8,2670,family_balanced,100,-0.7789769080338315,2.4773214076772656,-0.0746465242922657,3.2562983157110965,-0.27599499778901426,0.0,0.12388622435860296
P16_17,FULL8,2670,mean_fold,100,-0.7789769080338315,2.4773214076772656,-0.0746465242922657,3.2562983157110965,-0.27599499778901426,0.0,0.12388622435860296
P16_17,FULL8,2670,mean_rank,100,-0.7789769080338315,2.4773214076772656,-0.0746465242922657,3.2562983157110965,-0.27599499778901426,0.0,0.12388622435860296
P16_17,FULL8,2670,nested_complexity,100,-0.7789769080338315,2.4773214076772656,-0.0746465242922657,3.2562983157110965,-0.27599499778901426,0.0,0.12388622435860296
P16_17,FULL8,2670,single_fold,100,-0.36490736766793463,2.4773214076772656,-0.0746465242922657,2.8422287753451987,-0.11374000422946319,0.0,0.12388622435860296
P16_17,FULL8,2670,stability_lcb,100,-0.7789769080338315,2.4773214076772656,-0.0746465242922657,3.2562983157110965,-0.27599499778901426,0.0,0.12388622435860296
P16_17,GLOBAL_EQ5,25,family_balanced,100,-0.9250513344545397,1.3976893365190954,-0.1020081886815807,2.322740670973635,-0.5624845145091113,0.06,0.0603
P16_17,GLOBAL_EQ5,25,mean_fold,100,-0.2654731852855311,1.3976893365190954,-0.1020081886815807,1.6631625218046264,-0.09223914541321186,0.43,0.0603
P16_17,GLOBAL_EQ5,25,mean_rank,100,-0.2533942700124934,1.3976893365190954,-0.1020081886815807,1.6510836065315886,-0.08369531847001788,0.44,0.0603
P16_17,GLOBAL_EQ5,25,nested_complexity,100,-0.2862140274812732,1.3976893365190954,-0.1020081886815807,1.6839033640003682,-0.11214049559449109,0.43,0.0603
P16_17,GLOBAL_EQ5,25,single_fold,100,0.4374085564162408,1.3976893365190954,-0.1020081886815807,0.9602807801028546,0.38192921545555714,0.72,0.0603
P16_17,GLOBAL_EQ5,25,stability_lcb,100,-0.37471989482571594,1.3976893365190954,-0.1020081886815807,1.7724092313448108,-0.16648608937547885,0.36,0.0603
P16_17,GLOBAL_EQ5,100,family_balanced,100,-1.1423388037995748,1.6482589034383073,-0.106074619402942,2.790597707237883,-0.5945319772613816,0.02,0.05572721272127212
P16_17,GLOBAL_EQ5,100,mean_fold,100,-0.4385673095485161,1.6482589034383073,-0.106074619402942,2.086826212986823,-0.18371484461067247,0.39,0.05572721272127212
P16_17,GLOBAL_EQ5,100,mean_rank,100,-0.32906231528764474,1.6482589034383073,-0.106074619402942,1.977321218725952,-0.12277247231953277,0.43,0.05572721272127212
P16_17,GLOBAL_EQ5,100,nested_complexity,100,-0.4936596202565775,1.6482589034383073,-0.106074619402942,2.141918523694885,-0.22058706150830665,0.34,0.05572721272127212
P16_17,GLOBAL_EQ5,100,single_fold,100,0.7482096214197924,1.6482589034383073,-0.106074619402942,0.9000492820185151,0.49117667678988314,0.94,0.05572721272127212
P16_17,GLOBAL_EQ5,100,stability_lcb,100,-0.7570340676947293,1.6482589034383073,-0.106074619402942,2.405292971133037,-0.3718374327802152,0.19,0.05572721272127212
P16_17,GLOBAL_EQ5,500,family_balanced,100,-1.2871174072578293,1.7992914436835628,-0.11560890213656956,3.0864088509413925,-0.6108382492760602,0.0,0.0560894905979624
P16_17,GLOBAL_EQ5,500,mean_fold,100,-1.2290030754262438,1.7992914436835628,-0.11560890213656956,3.028294519109807,-0.5800044047377043,0.13,0.0560894905979624
P16_17,GLOBAL_EQ5,500,mean_rank,100,-0.7678154262857766,1.7992914436835628,-0.11560890213656956,2.56710686996934,-0.34026456624654516,0.19,0.0560894905979624
P16_17,GLOBAL_EQ5,500,nested_complexity,100,-1.2485259120105536,1.7992914436835628,-0.11560890213656956,3.0478173556941175,-0.590403230266453,0.11,0.0560894905979624
P16_17,GLOBAL_EQ5,500,single_fold,100,0.8195821325363262,1.7992914436835628,-0.11560890213656956,0.9797093111472376,0.48837398178940533,1.0,0.0560894905979624
P16_17,GLOBAL_EQ5,500,stability_lcb,100,-1.163693748339285,1.7992914436835628,-0.11560890213656956,2.9629851920228494,-0.5474033704797668,0.06,0.0560894905979624
P16_17,GLOBAL_EQ5,1000,family_balanced,100,-1.4117225475807578,1.8176961793007405,-0.11558162509281855,3.2294187268814984,-0.6702803382770729,0.0,0.05308557064557065
P16_17,GLOBAL_EQ5,1000,mean_fold,100,-1.5133024487815723,1.8176961793007405,-0.11558162509281855,3.330998628082314,-0.7234064091608258,0.02,0.05308557064557065
P16_17,GLOBAL_EQ5,1000,mean_rank,100,-1.0969115640895568,1.8176961793007405,-0.11558162509281855,2.9146077433902975,-0.5073398040868828,0.13,0.05308557064557065
P16_17,GLOBAL_EQ5,1000,nested_complexity,100,-1.5647434415275305,1.8176961793007405,-0.11558162509281855,3.3824396208282717,-0.7500013929704002,0.02,0.05308557064557065
P16_17,GLOBAL_EQ5,1000,single_fold,100,0.8254040384330773,1.8176961793007405,-0.11558162509281855,0.9922921408676636,0.4867805033203459,1.0,0.05308557064557065
P16_17,GLOBAL_EQ5,1000,stability_lcb,100,-1.4134937455910466,1.8176961793007405,-0.11558162509281855,3.2311899248917877,-0.6710823313239905,0.0,0.05308557064557065
P16_17,GLOBAL_EQ5,2670,diverse_ensemble,100,-2.7553544495425917,1.8253812562093765,-0.1198093251226594,4.5807357057519695,-1.3549032931339569,0.0,0.0534584733888285
P16_17,GLOBAL_EQ5,2670,family_balanced,100,-1.5321245885198496,1.8253812562093765,-0.1198093251226594,3.3575058447292263,-0.7260549567487926,0.0,0.0534584733888285
P16_17,GLOBAL_EQ5,2670,mean_fold,100,-1.5886505705378258,1.8253812562093765,-0.1198093251226594,3.4140318267472027,-0.7551143109120582,0.0,0.0534584733888285
P16_17,GLOBAL_EQ5,2670,mean_rank,100,-1.5886505705378258,1.8253812562093765,-0.1198093251226594,3.4140318267472027,-0.7551143109120582,0.0,0.0534584733888285
P16_17,GLOBAL_EQ5,2670,nested_complexity,100,-1.5886505705378258,1.8253812562093765,-0.1198093251226594,3.4140318267472027,-0.7551143109120582,0.0,0.0534584733888285
P16_17,GLOBAL_EQ5,2670,single_fold,100,0.882784033543034,1.8253812562093765,-0.1198093251226594,0.9425972226663428,0.5154216601126729,1.0,0.0534584733888285
P16_17,GLOBAL_EQ5,2670,stability_lcb,100,-1.5321245885198496,1.8253812562093765,-0.1198093251226594,3.3575058447292263,-0.7260549567487926,0.0,0.0534584733888285
P16_17,LOO_DBC,25,family_balanced,100,-0.30605300807950403,1.527347546329812,-0.06632158822274352,1.8334005544093162,-0.14078632667053234,0.34,0.0432
P16_17,LOO_DBC,25,mean_fold,100,-0.08194415368744588,1.527347546329812,-0.06632158822274352,1.609291700017258,0.0059489873901847415,0.51,0.0432
P16_17,LOO_DBC,25,mean_rank,100,-0.13876964783075615,1.527347546329812,-0.06632158822274352,1.6661171941605681,-0.04639128955990144,0.42,0.0432
P16_17,LOO_DBC,25,nested_complexity,100,-0.0823243164597948,1.527347546329812,-0.06632158822274352,1.609671862789607,0.014546793015408909,0.51,0.0432
P16_17,LOO_DBC,25,single_fold,100,0.29404795850948956,1.527347546329812,-0.06632158822274352,1.2332995878203228,0.2631252940806438,0.74,0.0432
P16_17,LOO_DBC,25,stability_lcb,100,-0.2636472071104013,1.527347546329812,-0.06632158822274352,1.7909947534402133,-0.13928180306672905,0.39,0.0432
P16_17,LOO_DBC,100,family_balanced,100,-0.5552483584214205,1.9269437625313963,-0.06817584049377973,2.482192120952817,-0.25426906955985773,0.26,0.02803648364836483
P16_17,LOO_DBC,100,mean_fold,100,-0.36674966937566444,1.9269437625313963,-0.06817584049377973,2.293693431907061,-0.15434077637239693,0.39,0.02803648364836483
P16_17,LOO_DBC,100,mean_rank,100,-0.21178392836838875,1.9269437625313963,-0.06817584049377973,2.138727690899785,-0.07397854184567082,0.37,0.02803648364836483
P16_17,LOO_DBC,100,nested_complexity,100,-0.42459539832578697,1.9269437625313963,-0.06817584049377973,2.3515391608571834,-0.18362842533707707,0.37,0.02803648364836483
P16_17,LOO_DBC,100,single_fold,100,0.4095093232196836,1.9269437625313963,-0.06817584049377973,1.5174344393117127,0.24804253381929392,0.79,0.02803648364836483
P16_17,LOO_DBC,100,stability_lcb,100,-0.5865435983020724,1.9269437625313963,-0.06817584049377973,2.5134873608334694,-0.2684073980020036,0.29,0.02803648364836483
P16_17,LOO_DBC,500,family_balanced,100,-1.23300621774126,2.242299489508737,-0.07429945378353288,3.4753057072499973,-0.4988543620090855,0.13,0.044638311353245405
P16_17,LOO_DBC,500,mean_fold,100,-1.126332286131148,2.242299489508737,-0.07429945378353288,3.3686317756398854,-0.45228387168281076,0.22,0.044638311353245405
P16_17,LOO_DBC,500,mean_rank,100,-0.7754874262110661,2.242299489508737,-0.07429945378353288,3.017786915719804,-0.30384639726354457,0.15,0.044638311353245405
P16_17,LOO_DBC,500,nested_complexity,100,-1.2403011627332252,2.242299489508737,-0.07429945378353288,3.4826006522419624,-0.5013403630959925,0.16,0.044638311353245405
P16_17,LOO_DBC,500,single_fold,100,0.22795182606282727,2.242299489508737,-0.07429945378353288,2.0143476634459105,0.12972709410927322,0.66,0.044638311353245405
P16_17,LOO_DBC,500,stability_lcb,100,-0.7220378431725032,2.242299489508737,-0.07429945378353288,2.964337332681241,-0.280234476007574,0.29,0.044638311353245405
P16_17,LOO_DBC,1000,family_balanced,100,-1.7403700861027434,2.299766881616204,-0.07479293861971041,4.040136967718947,-0.7012282482360681,0.09,0.04589676125676126
P16_17,LOO_DBC,1000,mean_fold,100,-1.7299637894074216,2.299766881616204,-0.07479293861971041,4.029730671023626,-0.6962866737938441,0.13,0.04589676125676126
P16_17,LOO_DBC,1000,mean_rank,100,-1.1725868269298245,2.299766881616204,-0.07479293861971041,3.472353708546029,-0.46196084301312945,0.05,0.04589676125676126
P16_17,LOO_DBC,1000,nested_complexity,100,-1.8004482135206765,2.299766881616204,-0.07479293861971041,4.100215095136882,-0.72613129302738,0.1,0.04589676125676126
P16_17,LOO_DBC,1000,single_fold,100,0.22869038192921587,2.299766881616204,-0.07479293861971041,2.071076499686988,0.12703054152190585,0.67,0.04589676125676126
P16_17,LOO_DBC,1000,stability_lcb,100,-1.0518651520362645,2.299766881616204,-0.07479293861971041,3.3516320336524688,-0.4108442605871187,0.21,0.04589676125676126
P16_17,LOO_DBC,2670,diverse_ensemble,100,-2.080547094600695,2.3604673108099017,-0.07895242727938445,4.441014405410598,-0.8205208132361395,0.0,0.04430689099065712
P16_17,LOO_DBC,2670,family_balanced,100,-1.9922254460794553,2.3604673108099017,-0.07895242727938445,4.352692756889356,-0.7843148060688692,0.0,0.04430689099065712
P16_17,LOO_DBC,2670,mean_fold,100,-1.9922254460794553,2.3604673108099017,-0.07895242727938445,4.352692756889356,-0.7843148060688692,0.0,0.04430689099065712
P16_17,LOO_DBC,2670,mean_rank,100,-1.9922254460794553,2.3604673108099017,-0.07895242727938445,4.352692756889356,-0.7843148060688692,0.0,0.04430689099065712
P16_17,LOO_DBC,2670,nested_complexity,100,-1.9922254460794553,2.3604673108099017,-0.07895242727938445,4.352692756889356,-0.7843148060688692,0.0,0.04430689099065712
P16_17,LOO_DBC,2670,single_fold,100,0.5193943269365464,2.3604673108099017,-0.07895242727938445,1.841072983873354,0.24528241076076374,1.0,0.04430689099065712
P16_17,LOO_DBC,2670,stability_lcb,100,-1.9922254460794553,2.3604673108099017,-0.07895242727938445,4.352692756889356,-0.7843148060688692,0.0,0.04430689099065712
P16_17,LOO_EEM,25,family_balanced,100,-0.48894102904552095,1.3529860122392563,-0.05008548186544009,1.8419270412847772,-0.3289478848847721,0.2,0.14084615384615382
P16_17,LOO_EEM,25,mean_fold,100,-0.09913453518294232,1.3529860122392563,-0.05008548186544009,1.4521205474221983,-0.018493092051023022,0.37,0.14084615384615382
P16_17,LOO_EEM,25,mean_rank,100,-0.05666230288335728,1.3529860122392563,-0.05008548186544009,1.4096483151226133,0.018986404988075238,0.38,0.14084615384615382
P16_17,LOO_EEM,25,nested_complexity,100,-0.09913453518294232,1.3529860122392563,-0.05008548186544009,1.4521205474221983,-0.018493092051023022,0.37,0.14084615384615382
P16_17,LOO_EEM,25,single_fold,100,0.0951278462985242,1.3529860122392563,-0.05008548186544009,1.2578581659407317,0.122032810519783,0.44,0.14084615384615382
P16_17,LOO_EEM,25,stability_lcb,100,-0.03621595602958307,1.3529860122392563,-0.05008548186544009,1.389201968268839,0.013149023978875829,0.4,0.14084615384615382
P16_17,LOO_EEM,100,family_balanced,100,-0.5456690141395085,1.7669783916736868,-0.0575324214133134,2.312647405813195,-0.28507913076467406,0.16,0.13138805880588056
P16_17,LOO_EEM,100,mean_fold,100,-0.1856035923785414,1.7669783916736868,-0.0575324214133134,1.952581984052228,-0.0730477268867279,0.4,0.13138805880588056
P16_17,LOO_EEM,100,mean_rank,100,-0.13497099514846403,1.7669783916736868,-0.0575324214133134,1.9019493868221504,-0.046309125592310575,0.36,0.13138805880588056
P16_17,LOO_EEM,100,nested_complexity,100,-0.1856035923785414,1.7669783916736868,-0.0575324214133134,1.952581984052228,-0.0730477268867279,0.4,0.13138805880588056
P16_17,LOO_EEM,100,single_fold,100,0.253056480576626,1.7669783916736868,-0.0575324214133134,1.5139219110970605,0.1842123370367875,0.59,0.13138805880588056
P16_17,LOO_EEM,100,stability_lcb,100,-0.4587893805246732,1.7669783916736868,-0.0575324214133134,2.22576777219836,-0.23411736139424857,0.17,0.13138805880588056
P16_17,LOO_EEM,500,family_balanced,100,-0.7857813667660171,2.1566478291363653,-0.0633628846438914,2.9424291959023816,-0.3275643225006026,0.05,0.14640649058596233
P16_17,LOO_EEM,500,mean_fold,100,-0.1909472778868791,2.1566478291363653,-0.0633628846438914,2.3475951070232437,-0.057909871199484646,0.48,0.14640649058596233
P16_17,LOO_EEM,500,mean_rank,100,-0.10616454070962472,2.1566478291363653,-0.0633628846438914,2.262812369845989,-0.019167765847000806,0.47,0.14640649058596233
P16_17,LOO_EEM,500,nested_complexity,100,-0.1909472778868791,2.1566478291363653,-0.0633628846438914,2.3475951070232437,-0.057909871199484646,0.48,0.14640649058596233
P16_17,LOO_EEM,500,single_fold,100,0.3929589562178093,2.1566478291363653,-0.0633628846438914,1.7636888729185558,0.20611891851753728,0.78,0.14640649058596233
P16_17,LOO_EEM,500,stability_lcb,100,-0.739037592553723,2.1566478291363653,-0.0633628846438914,2.8956854216900876,-0.30673484023081093,0.13,0.14640649058596233
P16_17,LOO_EEM,1000,family_balanced,100,-0.8505881861339931,2.2271297633592555,-0.06387883391917916,3.077717949493248,-0.3432744392667068,0.0,0.1458745918345918
P16_17,LOO_EEM,1000,mean_fold,100,-0.37397462274774207,2.2271297633592555,-0.06387883391917916,2.601104386106998,-0.1356656616432347,0.35,0.1458745918345918
P16_17,LOO_EEM,1000,mean_rank,100,0.08634332276444426,2.2271297633592555,-0.06387883391917916,2.1407864405948107,0.06633342933335527,0.66,0.1458745918345918
P16_17,LOO_EEM,1000,nested_complexity,100,-0.37397462274774207,2.2271297633592555,-0.06387883391917916,2.601104386106998,-0.1356656616432347,0.35,0.1458745918345918
P16_17,LOO_EEM,1000,single_fold,100,0.42733740064173686,2.2271297633592555,-0.06387883391917916,1.799792362717518,0.2146444297164867,0.96,0.1458745918345918
P16_17,LOO_EEM,1000,stability_lcb,100,-0.9685273503799209,2.2271297633592555,-0.06387883391917916,3.1956571137391756,-0.39508040514833576,0.01,0.1458745918345918
P16_17,LOO_EEM,2670,diverse_ensemble,100,-1.102295082764553,2.29015817583631,-0.0670703505951002,3.392453258600864,-0.4391702885662391,0.0,0.1455884391912128
P16_17,LOO_EEM,2670,family_balanced,100,-1.079504912012881,2.29015817583631,-0.0670703505951002,3.36966308784919,-0.4295020826642114,0.0,0.1455884391912128
P16_17,LOO_EEM,2670,mean_fold,100,-1.079504912012881,2.29015817583631,-0.0670703505951002,3.36966308784919,-0.4295020826642114,0.0,0.1455884391912128
P16_17,LOO_EEM,2670,mean_rank,100,0.46139721405159295,2.29015817583631,-0.0670703505951002,1.8287609617847174,0.22419021266755834,1.0,0.1455884391912128
P16_17,LOO_EEM,2670,nested_complexity,100,-1.079504912012881,2.29015817583631,-0.0670703505951002,3.36966308784919,-0.4295020826642114,0.0,0.1455884391912128
P16_17,LOO_EEM,2670,single_fold,100,0.440702405751135,2.29015817583631,-0.0670703505951002,1.8494557700851746,0.21541091610449345,1.0,0.1455884391912128
P16_17,LOO_EEM,2670,stability_lcb,100,-1.079504912012881,2.29015817583631,-0.0670703505951002,3.36966308784919,-0.4295020826642114,0.0,0.1455884391912128
P16_17,LOO_EFA,25,family_balanced,100,-0.45811188471892755,1.4557324720602998,-0.03552687038763002,1.9138443567792276,-0.29508757147760073,0.23,0.11621538461538462
P16_17,LOO_EFA,25,mean_fold,100,-0.06580293750183118,1.4557324720602998,-0.03552687038763002,1.521535409562131,-0.004745591962938972,0.41,0.11621538461538462
P16_17,LOO_EFA,25,mean_rank,100,-0.026923268026165716,1.4557324720602998,-0.03552687038763002,1.4826557400864655,0.028196680704239144,0.43,0.11621538461538462
P16_17,LOO_EFA,25,nested_complexity,100,-0.06580293750183118,1.4557324720602998,-0.03552687038763002,1.521535409562131,-0.004745591962938972,0.41,0.11621538461538462
P16_17,LOO_EFA,25,single_fold,100,0.22179405971687427,1.4557324720602998,-0.03552687038763002,1.2339384123434254,0.20700676998491463,0.5,0.11621538461538462
P16_17,LOO_EFA,25,stability_lcb,100,-0.00745368228643521,1.4557324720602998,-0.03552687038763002,1.4631861543467348,0.02406965683758159,0.44,0.11621538461538462
P16_17,LOO_EFA,100,family_balanced,100,-0.5611367582190855,1.8880137542747624,-0.044365056289990185,2.4491505124938477,-0.28170972732418,0.15,0.10280900090008999
P16_17,LOO_EFA,100,mean_fold,100,-0.1019103453346907,1.8880137542747624,-0.044365056289990185,1.9899240996094534,-0.03850590576236402,0.32,0.10280900090008999
P16_17,LOO_EFA,100,mean_rank,100,0.013741599379678499,1.8880137542747624,-0.044365056289990185,1.8742721548950843,0.02559083297119816,0.36,0.10280900090008999
P16_17,LOO_EFA,100,nested_complexity,100,-0.1019103453346907,1.8880137542747624,-0.044365056289990185,1.9899240996094534,-0.03850590576236402,0.32,0.10280900090008999
P16_17,LOO_EFA,100,single_fold,100,0.2797429801081424,1.8880137542747624,-0.044365056289990185,1.60827077416662,0.17706808896879841,0.53,0.10280900090008999
P16_17,LOO_EFA,100,stability_lcb,100,-0.17048168507475694,1.8880137542747624,-0.044365056289990185,2.0584954393495196,-0.07474555678683058,0.27,0.10280900090008999
P16_17,LOO_EFA,500,family_balanced,100,-0.7361243306695084,2.3173861613867994,-0.04804601236483668,3.053510492056308,-0.29158467866985016,0.01,0.119976555746223
P16_17,LOO_EFA,500,mean_fold,100,-0.3003023512889023,2.3173861613867994,-0.04804601236483668,2.617688512675701,-0.10738526354343296,0.22,0.119976555746223
P16_17,LOO_EFA,500,mean_rank,100,0.06971087793169188,2.3173861613867994,-0.04804601236483668,2.247675283455107,0.051560369982273466,0.42,0.119976555746223
P16_17,LOO_EFA,500,nested_complexity,100,-0.3003023512889023,2.3173861613867994,-0.04804601236483668,2.617688512675701,-0.10738526354343296,0.22,0.119976555746223
P16_17,LOO_EFA,500,single_fold,100,0.08388262260142859,2.3173861613867994,-0.04804601236483668,2.2335035387853703,0.05629784069940151,0.28,0.119976555746223
P16_17,LOO_EFA,500,stability_lcb,100,-0.5820084020864202,2.3173861613867994,-0.04804601236483668,2.8993945634732183,-0.2253761957179378,0.14,0.119976555746223
P16_17,LOO_EFA,1000,family_balanced,100,-0.6463135829972957,2.390134340978338,-0.04829774090434184,3.0364479239756337,-0.24466823065525312,0.0,0.11796159552159555
P16_17,LOO_EFA,1000,mean_fold,100,-0.3674899680557988,2.390134340978338,-0.04829774090434184,2.7576243090341377,-0.13076821722481577,0.14,0.11796159552159555
P16_17,LOO_EFA,1000,mean_rank,100,0.20159907809554,2.390134340978338,-0.04829774090434184,2.188535262882799,0.10195293912113743,0.5,0.11796159552159555
P16_17,LOO_EFA,1000,nested_complexity,100,-0.3674899680557988,2.390134340978338,-0.04829774090434184,2.7576243090341377,-0.13076821722481577,0.14,0.11796159552159555
P16_17,LOO_EFA,1000,single_fold,100,-0.11520751430382163,2.390134340978338,-0.04829774090434184,2.5053418552821602,-0.02753390387511234,0.06,0.11796159552159555
P16_17,LOO_EFA,1000,stability_lcb,100,-0.8506621298721448,2.390134340978338,-0.04829774090434184,3.2407964708504835,-0.32862890400065053,0.05,0.11796159552159555
P16_17,LOO_EFA,2670,diverse_ensemble,100,-0.7705975964513366,2.4342864210261697,-0.05162821414333063,3.204884017477507,-0.28921724508813773,0.0,0.11723846766819788
P16_17,LOO_EFA,2670,family_balanced,100,-0.25565876673829707,2.4342864210261697,-0.05162821414333063,2.689945187764468,-0.08207464154578853,0.0,0.11723846766819788
P16_17,LOO_EFA,2670,mean_fold,100,-0.25565876673829707,2.4342864210261697,-0.05162821414333063,2.689945187764468,-0.08207464154578853,0.0,0.11723846766819788
P16_17,LOO_EFA,2670,mean_rank,100,-0.25915676154041645,2.4342864210261697,-0.05162821414333063,2.693443182566586,-0.0834817674191517,0.0,0.11723846766819788
P16_17,LOO_EFA,2670,nested_complexity,100,-0.25565876673829707,2.4342864210261697,-0.05162821414333063,2.689945187764468,-0.08207464154578853,0.0,0.11723846766819788
P16_17,LOO_EFA,2670,single_fold,100,-0.25565876673829707,2.4342864210261697,-0.05162821414333063,2.689945187764468,-0.08207464154578853,0.0,0.11723846766819788
P16_17,LOO_EFA,2670,stability_lcb,100,-1.0269381507052684,2.4342864210261697,-0.05162821414333063,3.4612245717314396,-0.39233444413727325,0.0,0.11723846766819788
P16_17,LOO_GLD,25,family_balanced,100,-0.49846217623982514,1.38522665511781,-0.06998180633499128,1.8836888313576352,-0.306664273636852,0.26,0.2013923076923077
P16_17,LOO_GLD,25,mean_fold,100,0.10209550468443089,1.38522665511781,-0.06998180633499128,1.2831311504333796,0.14164070125685024,0.67,0.2013923076923077
P16_17,LOO_GLD,25,mean_rank,100,0.20296219936840276,1.38522665511781,-0.06998180633499128,1.1822644557494073,0.20299586514495785,0.72,0.2013923076923077
P16_17,LOO_GLD,25,nested_complexity,100,0.10209550468443089,1.38522665511781,-0.06998180633499128,1.2831311504333796,0.14164070125685024,0.67,0.2013923076923077
P16_17,LOO_GLD,25,single_fold,100,0.38736971211786037,1.38522665511781,-0.06998180633499128,0.99785694299995,0.3357144874600888,0.75,0.2013923076923077
P16_17,LOO_GLD,25,stability_lcb,100,0.14734664884746979,1.38522665511781,-0.06998180633499128,1.2378800062703403,0.16377406720844134,0.7,0.2013923076923077
P16_17,LOO_GLD,100,family_balanced,100,-0.521288944376594,1.726449678795585,-0.08031422098240576,2.2477386231721788,-0.24337101215478707,0.15,0.19668154815481548
P16_17,LOO_GLD,100,mean_fold,100,0.030078513730638613,1.726449678795585,-0.08031422098240576,1.6963711650649458,0.0671102569811257,0.55,0.19668154815481548
P16_17,LOO_GLD,100,mean_rank,100,0.12181614837910348,1.726449678795585,-0.08031422098240576,1.6046335304164807,0.1251807957134864,0.6,0.19668154815481548
P16_17,LOO_GLD,100,nested_complexity,100,0.030078513730638613,1.726449678795585,-0.08031422098240576,1.6963711650649458,0.0671102569811257,0.55,0.19668154815481548
P16_17,LOO_GLD,100,single_fold,100,0.44270449246512916,1.726449678795585,-0.08031422098240576,1.2837451863304554,0.29758433958328867,0.76,0.19668154815481548
P16_17,LOO_GLD,100,stability_lcb,100,0.053828579313432795,1.726449678795585,-0.08031422098240576,1.672621099482152,0.08599200370346666,0.56,0.19668154815481548
P16_17,LOO_GLD,500,family_balanced,100,-0.4978267922145057,2.032667874637596,-0.08756807947131667,2.530494666852101,-0.193855419867182,0.07,0.20537181188724754
P16_17,LOO_GLD,500,mean_fold,100,-0.6366713206712389,2.032667874637596,-0.08756807947131667,2.669339195308835,-0.2593877228707097,0.15,0.20537181188724754
P16_17,LOO_GLD,500,mean_rank,100,-0.3501546904844571,2.032667874637596,-0.08756807947131667,2.382822565122053,-0.1243504072126124,0.24,0.20537181188724754
P16_17,LOO_GLD,500,nested_complexity,100,-0.6366713206712389,2.032667874637596,-0.08756807947131667,2.669339195308835,-0.2593877228707097,0.15,0.20537181188724754
P16_17,LOO_GLD,500,single_fold,100,0.12294516556315935,2.032667874637596,-0.08756807947131667,1.9097227090744366,0.09872042236774389,0.61,0.20537181188724754
P16_17,LOO_GLD,500,stability_lcb,100,-0.28228265451689555,2.032667874637596,-0.08756807947131667,2.3149505291544914,-0.09108930452954828,0.27,0.20537181188724754
P16_17,LOO_GLD,1000,family_balanced,100,-0.5009567529673914,2.0816685442769307,-0.08709152871634011,2.5826252972443218,-0.19097703258657955,0.04,0.20467432195432195
P16_17,LOO_GLD,1000,mean_fold,100,-0.5884673448257793,2.0816685442769307,-0.08709152871634011,2.6701358891027094,-0.23130882964072771,0.04,0.20467432195432195
P16_17,LOO_GLD,1000,mean_rank,100,-0.5172237692831524,2.0816685442769307,-0.08709152871634011,2.598892313560082,-0.19779613149605654,0.08,0.20467432195432195
P16_17,LOO_GLD,1000,nested_complexity,100,-0.5884673448257793,2.0816685442769307,-0.08709152871634011,2.6701358891027094,-0.23130882964072771,0.04,0.20467432195432195
P16_17,LOO_GLD,1000,single_fold,100,-0.051832220302875216,2.0816685442769307,-0.08709152871634011,2.1335007645798054,0.015558742847564795,0.47,0.20467432195432195
P16_17,LOO_GLD,1000,stability_lcb,100,-0.5625574151984641,2.0816685442769307,-0.08709152871634011,2.6442259594753943,-0.21885219274169537,0.08,0.20467432195432195
P16_17,LOO_GLD,2670,diverse_ensemble,100,-1.324190083032078,2.098104899272524,-0.09129962967645185,3.422294982304602,-0.5631167913713395,0.0,0.2058589437005125
P16_17,LOO_GLD,2670,family_balanced,100,-0.36016878593181906,2.098104899272524,-0.09129962967645185,2.458273685204343,-0.12280469538648392,0.0,0.2058589437005125
P16_17,LOO_GLD,2670,mean_fold,100,-0.36016878593181906,2.098104899272524,-0.09129962967645185,2.458273685204343,-0.12280469538648392,0.0,0.2058589437005125
P16_17,LOO_GLD,2670,mean_rank,100,-0.36016878593181906,2.098104899272524,-0.09129962967645185,2.458273685204343,-0.12280469538648392,0.0,0.2058589437005125
P16_17,LOO_GLD,2670,nested_complexity,100,-0.36016878593181906,2.098104899272524,-0.09129962967645185,2.458273685204343,-0.12280469538648392,0.0,0.2058589437005125
P16_17,LOO_GLD,2670,single_fold,100,-0.36016878593181906,2.098104899272524,-0.09129962967645185,2.458273685204343,-0.12280469538648392,0.0,0.2058589437005125
P16_17,LOO_GLD,2670,stability_lcb,100,-0.7458727054689912,2.098104899272524,-0.09129962967645185,2.8439776047415135,-0.2989731075904767,0.0,0.2058589437005125
P16_17,LOO_IWM,25,family_balanced,100,-0.4556202297282297,1.4779730979412928,-0.05537661597248103,1.9335933276695227,-0.2751034045437492,0.22,0.10947692307692307
P16_17,LOO_IWM,25,mean_fold,100,-0.03896584246919509,1.4779730979412928,-0.05537661597248103,1.5169389404104876,0.013105975921380022,0.4,0.10947692307692307
P16_17,LOO_IWM,25,mean_rank,100,-0.003732251340921987,1.4779730979412928,-0.05537661597248103,1.4817053492822143,0.046596075979100586,0.4,0.10947692307692307
P16_17,LOO_IWM,25,nested_complexity,100,-0.03896584246919509,1.4779730979412928,-0.05537661597248103,1.5169389404104876,0.013105975921380022,0.4,0.10947692307692307
P16_17,LOO_IWM,25,single_fold,100,0.16818043987944564,1.4779730979412928,-0.05537661597248103,1.309792658061847,0.15979896641074157,0.51,0.10947692307692307
P16_17,LOO_IWM,25,stability_lcb,100,-0.0066507014318342,1.4779730979412928,-0.05537661597248103,1.484623799373127,0.03839435158832332,0.4,0.10947692307692307
P16_17,LOO_IWM,100,family_balanced,100,-0.5528863987676665,1.8639438569801237,-0.06299563272789946,2.41683025574779,-0.2658996850905809,0.15,0.1043074707470747
P16_17,LOO_IWM,100,mean_fold,100,-0.20225777614224894,1.8639438569801237,-0.06299563272789946,2.066201633122372,-0.08488541328316615,0.27,0.1043074707470747
P16_17,LOO_IWM,100,mean_rank,100,-0.0770835451559005,1.8639438569801237,-0.06299563272789946,1.9410274021360243,-0.011475705531656366,0.29,0.1043074707470747
P16_17,LOO_IWM,100,nested_complexity,100,-0.20225777614224894,1.8639438569801237,-0.06299563272789946,2.066201633122372,-0.08488541328316615,0.27,0.1043074707470747
P16_17,LOO_IWM,100,single_fold,100,0.24716632351728854,1.8639438569801237,-0.06299563272789946,1.6167775334628351,0.1646046514673426,0.51,0.1043074707470747
P16_17,LOO_IWM,100,stability_lcb,100,-0.04096086128002582,1.8639438569801237,-0.06299563272789946,1.9049047182601495,0.010384870876294607,0.32,0.1043074707470747
P16_17,LOO_IWM,500,family_balanced,100,-0.6096658768829385,2.226348711620275,-0.0670638899646728,2.836014588503213,-0.23773911057373082,0.03,0.12459230124920499
P16_17,LOO_IWM,500,mean_fold,100,-0.42389555344939467,2.226348711620275,-0.0670638899646728,2.6502442650696696,-0.15682417226295434,0.12,0.12459230124920499
P16_17,LOO_IWM,500,mean_rank,100,-0.2818079294109713,2.226348711620275,-0.0670638899646728,2.508156641031247,-0.0941748614766121,0.2,0.12459230124920499
P16_17,LOO_IWM,500,nested_complexity,100,-0.42389555344939467,2.226348711620275,-0.0670638899646728,2.6502442650696696,-0.15682417226295434,0.12,0.12459230124920499
P16_17,LOO_IWM,500,single_fold,100,0.01454632390436546,2.226348711620275,-0.0670638899646728,2.2118023877159096,0.03389838108202845,0.28,0.12459230124920499
P16_17,LOO_IWM,500,stability_lcb,100,-0.17140773830084335,2.226348711620275,-0.0670638899646728,2.397756449921119,-0.04505612570574016,0.24,0.12459230124920499
P16_17,LOO_IWM,1000,family_balanced,100,-0.5929467856250286,2.2907026047338666,-0.06721834957839098,2.883649390358895,-0.22295420011415007,0.0,0.12448491280491282
P16_17,LOO_IWM,1000,mean_fold,100,-0.5588289268636533,2.2907026047338666,-0.06721834957839098,2.849531531597519,-0.2085311442384048,0.02,0.12448491280491282
P16_17,LOO_IWM,1000,mean_rank,100,-0.4745494991887584,2.2907026047338666,-0.06721834957839098,2.765252103922624,-0.17192565239415294,0.07,0.12448491280491282
P16_17,LOO_IWM,1000,nested_complexity,100,-0.5588289268636533,2.2907026047338666,-0.06721834957839098,2.849531531597519,-0.2085311442384048,0.02,0.12448491280491282
P16_17,LOO_IWM,1000,single_fold,100,-0.34147011884727946,2.2907026047338666,-0.06721834957839098,2.6321727235811454,-0.11650179254919082,0.02,0.12448491280491282
P16_17,LOO_IWM,1000,stability_lcb,100,-0.4093743696650447,2.2907026047338666,-0.06721834957839098,2.700076974398911,-0.14547670880995572,0.11,0.12448491280491282
P16_17,LOO_IWM,2670,diverse_ensemble,100,-0.964078927088508,2.3666046850508886,-0.07201854586697565,3.330683612139397,-0.36580492218380656,0.0,0.12325778200482354
P16_17,LOO_IWM,2670,family_balanced,100,-0.7767838233581291,2.3666046850508886,-0.07201854586697565,3.143388508409018,-0.2890012973532979,0.0,0.12325778200482354
P16_17,LOO_IWM,2670,mean_fold,100,-0.7767838233581291,2.3666046850508886,-0.07201854586697565,3.143388508409018,-0.2890012973532979,0.0,0.12325778200482354
P16_17,LOO_IWM,2670,mean_rank,100,-0.7767838233581291,2.3666046850508886,-0.07201854586697565,3.143388508409018,-0.2890012973532979,0.0,0.12325778200482354
P16_17,LOO_IWM,2670,nested_complexity,100,-0.7767838233581291,2.3666046850508886,-0.07201854586697565,3.143388508409018,-0.2890012973532979,0.0,0.12325778200482354
P16_17,LOO_IWM,2670,single_fold,100,-0.31195422861218125,2.3666046850508886,-0.07201854586697565,2.67855891366307,-0.09838981262181173,0.0,0.12325778200482354
P16_17,LOO_IWM,2670,stability_lcb,100,-0.7767838233581291,2.3666046850508886,-0.07201854586697565,3.143388508409018,-0.2890012973532979,0.0,0.12325778200482354
P16_17,LOO_QQQ,25,family_balanced,100,0.06421767585614481,1.3955154167899522,-0.0558365271105157,1.331297740933808,0.08950117342688227,0.61,0.06395384615384617
P16_17,LOO_QQQ,25,mean_fold,100,-0.07793805857203266,1.3955154167899522,-0.0558365271105157,1.4734534753619848,-0.0009305047423370083,0.4,0.06395384615384617
P16_17,LOO_QQQ,25,mean_rank,100,-0.10102846690758308,1.3955154167899522,-0.0558365271105157,1.4965438836975355,-0.021311062717057194,0.38,0.06395384615384617
P16_17,LOO_QQQ,25,nested_complexity,100,-0.1083182007784883,1.3955154167899522,-0.0558365271105157,1.5038336175684406,-0.02068076423894847,0.4,0.06395384615384617
P16_17,LOO_QQQ,25,single_fold,100,0.13720282116148477,1.3955154167899522,-0.0558365271105157,1.2583125956284678,0.165001814908112,0.53,0.06395384615384617
P16_17,LOO_QQQ,25,stability_lcb,100,-0.139918333731819,1.3955154167899522,-0.0558365271105157,1.5354337505217714,-0.05229723189596193,0.36,0.06395384615384617
P16_17,LOO_QQQ,100,family_balanced,100,0.32794516767356235,1.9061229439465879,-0.06481809947314861,1.5781777762730256,0.21121233854228508,0.82,0.051773057305730556
P16_17,LOO_QQQ,100,mean_fold,100,-0.3559859319060499,1.9061229439465879,-0.06481809947314861,2.262108875852638,-0.17302889279942238,0.37,0.051773057305730556
P16_17,LOO_QQQ,100,mean_rank,100,-0.1634214572820319,1.9061229439465879,-0.06481809947314861,2.0695444012286197,-0.0555692734430532,0.42,0.051773057305730556
P16_17,LOO_QQQ,100,nested_complexity,100,-0.4248250719803183,1.9061229439465879,-0.06481809947314861,2.330948015926906,-0.1998834973509826,0.3,0.051773057305730556
P16_17,LOO_QQQ,100,single_fold,100,0.009217876016826623,1.9061229439465879,-0.06481809947314861,1.8969050679297612,0.03985111972329966,0.44,0.051773057305730556
P16_17,LOO_QQQ,100,stability_lcb,100,-0.13870445563014566,1.9061229439465879,-0.06481809947314861,2.0448273995767337,-0.045698261847524096,0.4,0.051773057305730556
P16_17,LOO_QQQ,500,family_balanced,100,0.5331273690704894,2.3646202832494247,-0.07010494257927555,1.8314929141789358,0.24836419154580316,0.93,0.0659351479005916
P16_17,LOO_QQQ,500,mean_fold,100,-0.7518233835107104,2.3646202832494247,-0.07010494257927555,3.116443666760135,-0.28036573949610366,0.2,0.0659351479005916
P16_17,LOO_QQQ,500,mean_rank,100,-0.3564551710281034,2.3646202832494247,-0.07010494257927555,2.7210754542775284,-0.11756811427060754,0.32,0.0659351479005916
P16_17,LOO_QQQ,500,nested_complexity,100,-0.9853791275847921,2.3646202832494247,-0.07010494257927555,3.3499994108342173,-0.376721268813476,0.1,0.0659351479005916
P16_17,LOO_QQQ,500,single_fold,100,-0.24009285099868538,2.3646202832494247,-0.07010494257927555,2.60471313424811,-0.06991885967921548,0.16,0.0659351479005916
P16_17,LOO_QQQ,500,stability_lcb,100,-0.17202943015891534,2.3646202832494247,-0.07010494257927555,2.53664971340834,-0.04433619516358334,0.52,0.0659351479005916
P16_17,LOO_QQQ,1000,family_balanced,100,0.693187016988063,2.440851165599936,-0.06976655322663813,1.7476641486118731,0.30378133261023255,0.98,0.06509350025350025
P16_17,LOO_QQQ,1000,mean_fold,100,-0.9468649328829318,2.440851165599936,-0.06976655322663813,3.387716098482868,-0.34963895893139607,0.08,0.06509350025350025
P16_17,LOO_QQQ,1000,mean_rank,100,-0.48566102959438295,2.440851165599936,-0.06976655322663813,2.9265121951943187,-0.16522058002207918,0.23,0.06509350025350025
P16_17,LOO_QQQ,1000,nested_complexity,100,-1.1585215246010943,2.440851165599936,-0.06976655322663813,3.5993726902010303,-0.43370956835536495,0.01,0.06509350025350025
P16_17,LOO_QQQ,1000,single_fold,100,-0.40600448695032887,2.440851165599936,-0.06976655322663813,2.846855652550265,-0.1341679449847228,0.02,0.06509350025350025
P16_17,LOO_QQQ,1000,stability_lcb,100,-0.3105259913941139,2.440851165599936,-0.06976655322663813,2.7513771569940495,-0.09506082608321526,0.43,0.06509350025350025
P16_17,LOO_QQQ,2670,diverse_ensemble,100,-1.445104118549393,2.4889712566011437,-0.07375110483647974,3.9340753751505395,-0.5351157169220698,0.0,0.06544519360996681
P16_17,LOO_QQQ,2670,family_balanced,100,0.5660431234841949,2.4889712566011437,-0.07375110483647974,1.92292813311695,0.24965413263174013,1.0,0.06544519360996681
P16_17,LOO_QQQ,2670,mean_fold,100,-0.8534457488368368,2.4889712566011437,-0.07375110483647974,3.3424170054379814,-0.30424467969404523,0.0,0.06544519360996681
P16_17,LOO_QQQ,2670,mean_rank,100,-0.9896230262251159,2.4889712566011437,-0.07375110483647974,3.478594282826259,-0.3573824208077125,0.0,0.06544519360996681
P16_17,LOO_QQQ,2670,nested_complexity,100,-0.8534457488368368,2.4889712566011437,-0.07375110483647974,3.3424170054379814,-0.30424467969404523,0.0,0.06544519360996681
P16_17,LOO_QQQ,2670,single_fold,100,-0.36035209704188864,2.4889712566011437,-0.07375110483647974,2.849323353643034,-0.11183458517317994,0.0,0.06544519360996681
P16_17,LOO_QQQ,2670,stability_lcb,100,-0.9896230262251159,2.4889712566011437,-0.07375110483647974,3.478594282826259,-0.3573824208077125,0.0,0.06544519360996681
P16_17,US3,25,family_balanced,100,0.5341085724710026,1.3577110751352033,-0.06607841580830646,0.8236025026642005,0.41125688417937817,0.87,0.34030769230769226
P16_17,US3,25,mean_fold,100,0.42731492991411957,1.3577110751352033,-0.06607841580830646,0.9303961452210834,0.355742152054522,0.8,0.34030769230769226
P16_17,US3,25,mean_rank,100,0.4048056709051955,1.3577110751352033,-0.06607841580830646,0.9529054042300076,0.3375068455635988,0.77,0.34030769230769226
P16_17,US3,25,nested_complexity,100,0.42731492991411957,1.3577110751352033,-0.06607841580830646,0.9303961452210834,0.355742152054522,0.8,0.34030769230769226
P16_17,US3,25,single_fold,100,0.6020792020097896,1.3577110751352033,-0.06607841580830646,0.7556318731254135,0.4828750332786672,0.92,0.34030769230769226
P16_17,US3,25,stability_lcb,100,0.3259105718492242,1.3577110751352033,-0.06607841580830646,1.031800503285979,0.2773577561860637,0.71,0.34030769230769226
P16_17,US3,100,family_balanced,100,0.5747879885285441,1.6049635601355083,-0.06904974488413952,1.0301755716069643,0.3900559108418433,0.88,0.33351671167116703
P16_17,US3,100,mean_fold,100,0.3218708463098865,1.6049635601355083,-0.06904974488413952,1.283092713825622,0.23388849567158077,0.8,0.33351671167116703
P16_17,US3,100,mean_rank,100,0.6141667117008037,1.6049635601355083,-0.06904974488413952,0.9907968484347047,0.41168723391400514,0.91,0.33351671167116703
P16_17,US3,100,nested_complexity,100,0.3218708463098865,1.6049635601355083,-0.06904974488413952,1.283092713825622,0.23388849567158077,0.8,0.33351671167116703
P16_17,US3,100,single_fold,100,0.7548916815629929,1.6049635601355083,-0.06904974488413952,0.8500718785725154,0.4993619057667711,0.99,0.33351671167116703
P16_17,US3,100,stability_lcb,100,0.40042310499374645,1.6049635601355083,-0.06904974488413952,1.204540455141762,0.2813144115750808,0.76,0.33351671167116703
P16_17,US3,500,family_balanced,100,0.3190834959237514,1.7599334341971933,-0.07817713574099132,1.4408499382734417,0.21645197904687452,0.97,0.3498283503534014
P16_17,US3,500,mean_fold,100,-0.09483006853621147,1.7599334341971933,-0.07817713574099132,1.8547635027334042,-0.009184596726282836,0.8,0.3498283503534014
P16_17,US3,500,mean_rank,100,0.2508283558090343,1.7599334341971933,-0.07817713574099132,1.5091050783881585,0.17977300364996654,0.98,0.3498283503534014
P16_17,US3,500,nested_complexity,100,-0.09483006853621147,1.7599334341971933,-0.07817713574099132,1.8547635027334042,-0.009184596726282836,0.8,0.3498283503534014
P16_17,US3,500,single_fold,100,0.536515716837118,1.7599334341971933,-0.07817713574099132,1.2234177173600747,0.3333841209680093,1.0,0.3498283503534014
P16_17,US3,500,stability_lcb,100,0.47689191565450473,1.7599334341971933,-0.07817713574099132,1.2830415185426884,0.3003451101315803,0.96,0.3498283503534014
P16_17,US3,1000,family_balanced,100,0.18548463738610887,1.803874236661813,-0.07839971380118368,1.6183895992757038,0.14015007545206232,1.0,0.3461862730662731
P16_17,US3,1000,mean_fold,100,0.0685913954934541,1.803874236661813,-0.07839971380118368,1.735282841168359,0.07801817281215595,0.93,0.3461862730662731
P16_17,US3,1000,mean_rank,100,0.1833575909171567,1.803874236661813,-0.07839971380118368,1.6205166457446563,0.13902402789868257,1.0,0.3461862730662731
P16_17,US3,1000,nested_complexity,100,0.0685913954934541,1.803874236661813,-0.07839971380118368,1.735282841168359,0.07801817281215595,0.93,0.3461862730662731
P16_17,US3,1000,single_fold,100,0.40276601730156725,1.803874236661813,-0.07839971380118368,1.4011082193602453,0.25557268938402106,1.0,0.3461862730662731
P16_17,US3,1000,stability_lcb,100,0.6963003284964512,1.803874236661813,-0.07839971380118368,1.1075739081653617,0.4130418006888735,1.0,0.3461862730662731
P16_17,US3,2670,diverse_ensemble,100,-0.5316071619945141,1.8141592029675766,-0.07798978816523681,2.345766364962091,-0.2397366042288776,0.0,0.34571422278231906
P16_17,US3,2670,family_balanced,100,0.18177570266895648,1.8141592029675766,-0.07798978816523681,1.63238350029862,0.1372859600652663,1.0,0.34571422278231906
P16_17,US3,2670,mean_fold,100,0.18177570266895648,1.8141592029675766,-0.07798978816523681,1.63238350029862,0.1372859600652663,1.0,0.34571422278231906
P16_17,US3,2670,mean_rank,100,0.18177570266895648,1.8141592029675766,-0.07798978816523681,1.63238350029862,0.1372859600652663,1.0,0.34571422278231906
P16_17,US3,2670,nested_complexity,100,0.18177570266895648,1.8141592029675766,-0.07798978816523681,1.63238350029862,0.1372859600652663,1.0,0.34571422278231906
P16_17,US3,2670,single_fold,100,0.3388215260878256,1.8141592029675766,-0.07798978816523681,1.4753376768797506,0.22028461617259906,1.0,0.34571422278231906
P16_17,US3,2670,stability_lcb,100,1.3710901308680266,1.8141592029675766,-0.07798978816523681,0.44306907209954965,0.76583816909984,1.0,0.34571422278231906
P18_19,CROSS_ASSET4,25,family_balanced,100,-0.0026175473546547505,1.1509722468584256,-0.12309077780502964,1.1535897942130804,0.10662092008289312,0.48,0.2730461538461538
P18_19,CROSS_ASSET4,25,mean_fold,100,0.14161751089202043,1.1509722468584256,-0.12309077780502964,1.0093547359664052,0.22010059579237434,0.51,0.2730461538461538
P18_19,CROSS_ASSET4,25,mean_rank,100,0.09165095495414485,1.1509722468584256,-0.12309077780502964,1.0593212919042807,0.17385568537646903,0.47,0.2730461538461538
P18_19,CROSS_ASSET4,25,nested_complexity,100,0.14161751089202043,1.1509722468584256,-0.12309077780502964,1.0093547359664052,0.22010059579237434,0.51,0.2730461538461538
P18_19,CROSS_ASSET4,25,single_fold,100,-0.21218869146549277,1.1509722468584256,-0.12309077780502964,1.3631609383239183,-0.05073579018647004,0.4,0.2730461538461538
P18_19,CROSS_ASSET4,25,stability_lcb,100,0.11839937230838958,1.1509722468584256,-0.12309077780502964,1.032572874550036,0.19215692426070816,0.57,0.2730461538461538
P18_19,CROSS_ASSET4,100,family_balanced,100,-0.061724991390890625,1.4843260633095958,-0.12942199571024537,1.5460510547004864,0.043647887087121966,0.47,0.2883247524752475
P18_19,CROSS_ASSET4,100,mean_fold,100,0.08242208865748546,1.4843260633095958,-0.12942199571024537,1.4019039746521103,0.13938309572905047,0.43,0.2883247524752475
P18_19,CROSS_ASSET4,100,mean_rank,100,0.12416823346339831,1.4843260633095958,-0.12942199571024537,1.3601578298461974,0.16499194956009292,0.47,0.2883247524752475
P18_19,CROSS_ASSET4,100,nested_complexity,100,0.08242208865748546,1.4843260633095958,-0.12942199571024537,1.4019039746521103,0.13938309572905047,0.43,0.2883247524752475
P18_19,CROSS_ASSET4,100,single_fold,100,-0.3893640508651398,1.4843260633095958,-0.12942199571024537,1.8736901141747353,-0.16336257286600472,0.33,0.2883247524752475
P18_19,CROSS_ASSET4,100,stability_lcb,100,0.23627839754637964,1.4843260633095958,-0.12942199571024537,1.248047665763216,0.23479758349363786,0.63,0.2883247524752475
P18_19,CROSS_ASSET4,500,family_balanced,100,0.1346649325949556,1.7898475550656539,-0.12410099635847258,1.655182622470699,0.13718807715611994,0.64,0.2739574766299065
P18_19,CROSS_ASSET4,500,mean_fold,100,0.11043338274323045,1.7898475550656539,-0.12410099635847258,1.6794141723224236,0.12014303330466886,0.38,0.2739574766299065
P18_19,CROSS_ASSET4,500,mean_rank,100,-0.04847478314851405,1.7898475550656539,-0.12410099635847258,1.8383223382141685,0.04161728626657211,0.38,0.2739574766299065
P18_19,CROSS_ASSET4,500,nested_complexity,100,0.11043338274323045,1.7898475550656539,-0.12410099635847258,1.6794141723224236,0.12014303330466886,0.38,0.2739574766299065
P18_19,CROSS_ASSET4,500,single_fold,100,-0.507671005658782,1.7898475550656539,-0.12410099635847258,2.297518560724436,-0.2056511345856363,0.25,0.2739574766299065
P18_19,CROSS_ASSET4,500,stability_lcb,100,0.0463730846880242,1.7898475550656539,-0.12410099635847258,1.7434744703776304,0.0928416632928429,0.52,0.2739574766299065
P18_19,CROSS_ASSET4,1000,family_balanced,100,0.12751486622062905,1.8992229006926178,-0.12485119452875926,1.7717080344719884,0.1262291280179997,0.66,0.27325961197961207
P18_19,CROSS_ASSET4,1000,mean_fold,100,0.15113353834939317,1.8992229006926178,-0.12485119452875926,1.7480893623432245,0.13505005991430694,0.37,0.27325961197961207
P18_19,CROSS_ASSET4,1000,mean_rank,100,-0.08294925999078664,1.8992229006926178,-0.12485119452875926,1.9821721606834046,0.021214256743627716,0.45,0.27325961197961207
P18_19,CROSS_ASSET4,1000,nested_complexity,100,0.15113353834939317,1.8992229006926178,-0.12485119452875926,1.7480893623432245,0.13505005991430694,0.37,0.27325961197961207
P18_19,CROSS_ASSET4,1000,single_fold,100,-0.77329737177681,1.8992229006926178,-0.12485119452875926,2.6725202724694284,-0.3233357013450717,0.16,0.27325961197961207
P18_19,CROSS_ASSET4,1000,stability_lcb,100,-0.01914344529608174,1.8992229006926178,-0.12485119452875926,1.9183663459887002,0.05246729325635723,0.61,0.27325961197961207
P18_19,CROSS_ASSET4,2670,diverse_ensemble,100,0.20052840182700624,2.0457852966059913,-0.12466747882900692,1.8452568947789836,0.14982859076067118,1.0,0.27313075229097855
P18_19,CROSS_ASSET4,2670,family_balanced,100,0.1473440036719151,2.0457852966059913,-0.12466747882900692,1.8984412929340748,0.1253247642978116,1.0,0.27313075229097855
P18_19,CROSS_ASSET4,2670,mean_fold,100,-0.24955086320002726,2.0457852966059913,-0.12466747882900692,2.2953361598060176,-0.057537941292452904,0.0,0.27313075229097855
P18_19,CROSS_ASSET4,2670,mean_rank,100,-0.24955086320002726,2.0457852966059913,-0.12466747882900692,2.2953361598060176,-0.057537941292452904,0.0,0.27313075229097855
P18_19,CROSS_ASSET4,2670,nested_complexity,100,-0.24955086320002726,2.0457852966059913,-0.12466747882900692,2.2953361598060176,-0.057537941292452904,0.0,0.27313075229097855
P18_19,CROSS_ASSET4,2670,single_fold,100,-1.2495176207946421,2.0457852966059913,-0.12466747882900692,3.295302917400633,-0.5182559854315167,0.0,0.27313075229097855
P18_19,CROSS_ASSET4,2670,stability_lcb,100,0.1473440036719151,2.0457852966059913,-0.12466747882900692,1.8984412929340748,0.1253247642978116,1.0,0.27313075229097855
P18_19,EQ_BOND6,25,family_balanced,100,0.01842401680170634,1.0691485471433835,-0.13419327063480238,1.0507245303416772,0.12538064703734128,0.52,0.03245384615384615
P18_19,EQ_BOND6,25,mean_fold,100,0.13790497983223687,1.0691485471433835,-0.13419327063480238,0.9312435673111469,0.2324708748185386,0.66,0.03245384615384615
P18_19,EQ_BOND6,25,mean_rank,100,0.07934998665717352,1.0691485471433835,-0.13419327063480238,0.9897985604862102,0.18973860476100046,0.58,0.03245384615384615
P18_19,EQ_BOND6,25,nested_complexity,100,0.13790497983223687,1.0691485471433835,-0.13419327063480238,0.9312435673111469,0.2324708748185386,0.66,0.03245384615384615
P18_19,EQ_BOND6,25,single_fold,100,-0.03819012491575236,1.0691485471433835,-0.13419327063480238,1.107338672059136,0.09457098983600767,0.48,0.03245384615384615
P18_19,EQ_BOND6,25,stability_lcb,100,0.07159408423375342,1.0691485471433835,-0.13419327063480238,0.9975544629096303,0.18553814713051772,0.59,0.03245384615384615
P18_19,EQ_BOND6,100,family_balanced,100,0.1720709674366946,1.36503082580647,-0.13962885509644882,1.1929598583697756,0.2089320708282566,0.61,0.029155715571557144
P18_19,EQ_BOND6,100,mean_fold,100,0.18057064032546868,1.36503082580647,-0.13962885509644882,1.1844601854810015,0.20897303635399309,0.76,0.029155715571557144
P18_19,EQ_BOND6,100,mean_rank,100,0.2934927844481324,1.36503082580647,-0.13962885509644882,1.0715380413583377,0.28515671450855146,0.79,0.029155715571557144
P18_19,EQ_BOND6,100,nested_complexity,100,0.18057064032546868,1.36503082580647,-0.13962885509644882,1.1844601854810015,0.20897303635399309,0.76,0.029155715571557144
P18_19,EQ_BOND6,100,single_fold,100,-0.16110704291255964,1.36503082580647,-0.13962885509644882,1.52613786871903,-0.014462040985049695,0.37,0.029155715571557144
P18_19,EQ_BOND6,100,stability_lcb,100,0.26888070491513105,1.36503082580647,-0.13962885509644882,1.096150120891339,0.27061233077001096,0.75,0.029155715571557144
P18_19,EQ_BOND6,500,family_balanced,100,0.48498890021484004,1.531267051579304,-0.1365623827983267,1.0462781513644641,0.3765705903850094,0.83,0.0337288382753531
P18_19,EQ_BOND6,500,mean_fold,100,0.344728352908997,1.531267051579304,-0.1365623827983267,1.186538698670307,0.2885075361148263,0.8,0.0337288382753531
P18_19,EQ_BOND6,500,mean_rank,100,0.3289757198539693,1.531267051579304,-0.1365623827983267,1.2022913317253348,0.27887987321345137,0.7,0.0337288382753531
P18_19,EQ_BOND6,500,nested_complexity,100,0.344728352908997,1.531267051579304,-0.1365623827983267,1.186538698670307,0.2885075361148263,0.8,0.0337288382753531
P18_19,EQ_BOND6,500,single_fold,100,-0.22519646746203953,1.531267051579304,-0.1365623827983267,1.7564635190413431,-0.05322763901464816,0.37,0.0337288382753531
P18_19,EQ_BOND6,500,stability_lcb,100,0.42358267919172055,1.531267051579304,-0.1365623827983267,1.1076843723875838,0.33609131754897137,0.88,0.0337288382753531
P18_19,EQ_BOND6,1000,family_balanced,100,0.8348683596434563,1.6063605194874482,-0.1365064959031788,0.7714921598439919,0.5607057673011948,0.93,0.033423558303558296
P18_19,EQ_BOND6,1000,mean_fold,100,0.3843032818839351,1.6063605194874482,-0.1365064959031788,1.222057237603513,0.2982286074905888,0.8,0.033423558303558296
P18_19,EQ_BOND6,1000,mean_rank,100,0.2859651865995846,1.6063605194874482,-0.1365064959031788,1.3203953328878637,0.24063168681122363,0.65,0.033423558303558296
P18_19,EQ_BOND6,1000,nested_complexity,100,0.3843032818839351,1.6063605194874482,-0.1365064959031788,1.222057237603513,0.2982286074905888,0.8,0.033423558303558296
P18_19,EQ_BOND6,1000,single_fold,100,-0.25325678906313454,1.6063605194874482,-0.1365064959031788,1.8596173085505827,-0.06600743811162321,0.43,0.033423558303558296
P18_19,EQ_BOND6,1000,stability_lcb,100,0.5279612226690414,1.6063605194874482,-0.1365064959031788,1.0783992968184066,0.38100172817770095,0.93,0.033423558303558296
P18_19,EQ_BOND6,2670,diverse_ensemble,100,0.47547859007895227,1.678549767491135,-0.13427162143439975,1.2030711774121825,0.33635426812497693,1.0,0.032650952194642986
P18_19,EQ_BOND6,2670,family_balanced,100,1.365887636636108,1.678549767491135,-0.13427162143439975,0.31266213085502687,0.8275273379026368,1.0,0.032650952194642986
P18_19,EQ_BOND6,2670,mean_fold,100,0.47639206257579564,1.678549767491135,-0.13427162143439975,1.2021577049153394,0.33685816360106924,1.0,0.032650952194642986
P18_19,EQ_BOND6,2670,mean_rank,100,0.6892749225727247,1.678549767491135,-0.13427162143439975,0.9892748449184103,0.454289953239819,1.0,0.032650952194642986
P18_19,EQ_BOND6,2670,nested_complexity,100,0.47639206257579564,1.678549767491135,-0.13427162143439975,1.2021577049153394,0.33685816360106924,1.0,0.032650952194642986
P18_19,EQ_BOND6,2670,single_fold,100,-0.8316307227285477,1.678549767491135,-0.13427162143439975,2.5101804902196823,-0.3846816380004625,0.0,0.032650952194642986
P18_19,EQ_BOND6,2670,stability_lcb,100,0.6892749225727247,1.678549767491135,-0.13427162143439975,0.9892748449184103,0.454289953239819,1.0,0.032650952194642986
P18_19,EQ_REAL7_LOO_TLT,25,family_balanced,100,-0.15225744806587982,0.9711809283679499,-0.15809693807268274,1.1234383764338296,0.031764215108144714,0.48,-0.04449999999999999
P18_19,EQ_REAL7_LOO_TLT,25,mean_fold,100,-0.11516682001163027,0.9711809283679499,-0.15809693807268274,1.08634774837958,0.026259933526234857,0.48,-0.04449999999999999
P18_19,EQ_REAL7_LOO_TLT,25,mean_rank,100,-0.09607571684169415,0.9711809283679499,-0.15809693807268274,1.067256645209644,0.04913548175026099,0.45,-0.04449999999999999
P18_19,EQ_REAL7_LOO_TLT,25,nested_complexity,100,-0.11516682001163027,0.9711809283679499,-0.15809693807268274,1.08634774837958,0.026259933526234857,0.48,-0.04449999999999999
P18_19,EQ_REAL7_LOO_TLT,25,single_fold,100,-0.3332295454618517,0.9711809283679499,-0.15809693807268274,1.3044104738298017,-0.1494956607789019,0.28,-0.04449999999999999
P18_19,EQ_REAL7_LOO_TLT,25,stability_lcb,100,-0.115406328350306,0.9711809283679499,-0.15809693807268274,1.0865872567182557,0.04025353622821086,0.44,-0.04449999999999999
P18_19,EQ_REAL7_LOO_TLT,100,family_balanced,100,-0.08603761783562086,1.2403605555522503,-0.15860858874401787,1.3263981733878711,0.04979952819161949,0.58,-0.051143474347434735
P18_19,EQ_REAL7_LOO_TLT,100,mean_fold,100,-0.07136089714390667,1.2403605555522503,-0.15860858874401787,1.3117214526961574,0.057300830656914804,0.57,-0.051143474347434735
P18_19,EQ_REAL7_LOO_TLT,100,mean_rank,100,-0.03570271341690283,1.2403605555522503,-0.15860858874401787,1.2760632689691533,0.08401355184297858,0.49,-0.051143474347434735
P18_19,EQ_REAL7_LOO_TLT,100,nested_complexity,100,-0.07136089714390667,1.2403605555522503,-0.15860858874401787,1.3117214526961574,0.057300830656914804,0.57,-0.051143474347434735
P18_19,EQ_REAL7_LOO_TLT,100,single_fold,100,-0.45838992686842184,1.2403605555522503,-0.15860858874401787,1.6987504824206723,-0.21606891187062588,0.22,-0.051143474347434735
P18_19,EQ_REAL7_LOO_TLT,100,stability_lcb,100,-0.039395862126043346,1.2403605555522503,-0.15860858874401787,1.2797564176782936,0.07986899193383928,0.57,-0.051143474347434735
P18_19,EQ_REAL7_LOO_TLT,500,family_balanced,100,0.022432875839625596,1.4602175115090343,-0.15611120705600334,1.4377846356694086,0.11128419923047193,0.7,-0.05047872607490429
P18_19,EQ_REAL7_LOO_TLT,500,mean_fold,100,-0.19822081185466728,1.4602175115090343,-0.15611120705600334,1.6584383233637014,-0.03271386694648667,0.28,-0.05047872607490429
P18_19,EQ_REAL7_LOO_TLT,500,mean_rank,100,-0.14303543682092787,1.4602175115090343,-0.15611120705600334,1.6032529483299625,0.004047482773804441,0.27,-0.05047872607490429
P18_19,EQ_REAL7_LOO_TLT,500,nested_complexity,100,-0.19822081185466728,1.4602175115090343,-0.15611120705600334,1.6584383233637014,-0.03271386694648667,0.28,-0.05047872607490429
P18_19,EQ_REAL7_LOO_TLT,500,single_fold,100,-0.5966683612518626,1.4602175115090343,-0.15611120705600334,2.0568858727608967,-0.27423412556556115,0.08,-0.05047872607490429
P18_19,EQ_REAL7_LOO_TLT,500,stability_lcb,100,0.1363869234785268,1.4602175115090343,-0.15611120705600334,1.3238305880305072,0.18018338224405245,0.74,-0.05047872607490429
P18_19,EQ_REAL7_LOO_TLT,1000,family_balanced,100,-0.05749400320322358,1.5707140202951073,-0.15666769640888753,1.6282080234983312,0.056364887210758455,0.63,-0.05568637644637646
P18_19,EQ_REAL7_LOO_TLT,1000,mean_fold,100,-0.15801244973169612,1.5707140202951073,-0.15666769640888753,1.728726470026803,-0.005284133025931008,0.34,-0.05568637644637646
P18_19,EQ_REAL7_LOO_TLT,1000,mean_rank,100,-0.03305028920846634,1.5707140202951073,-0.15666769640888753,1.6037643095035734,0.06797355252815565,0.35,-0.05568637644637646
P18_19,EQ_REAL7_LOO_TLT,1000,nested_complexity,100,-0.15801244973169612,1.5707140202951073,-0.15666769640888753,1.728726470026803,-0.005284133025931008,0.34,-0.05568637644637646
P18_19,EQ_REAL7_LOO_TLT,1000,single_fold,100,-0.6916257430388733,1.5707140202951073,-0.15666769640888753,2.26233976333398,-0.3125727850892408,0.0,-0.05568637644637646
P18_19,EQ_REAL7_LOO_TLT,1000,stability_lcb,100,0.2893541204426431,1.5707140202951073,-0.15666769640888753,1.281359899852464,0.2587461990527891,0.9,-0.05568637644637646
P18_19,EQ_REAL7_LOO_TLT,2670,diverse_ensemble,100,-0.04948255881905914,1.7065654355571929,-0.15456083413441413,1.7560479943762524,0.05645950896860248,0.0,-0.056600742320215607
P18_19,EQ_REAL7_LOO_TLT,2670,family_balanced,100,-0.6604638014842985,1.7065654355571929,-0.15456083413441413,2.367029237041492,-0.2718262460685774,0.0,-0.056600742320215607
P18_19,EQ_REAL7_LOO_TLT,2670,mean_fold,100,0.7564586135201874,1.7065654355571929,-0.15456083413441413,0.9501068220370051,0.48949899987471546,1.0,-0.056600742320215607
P18_19,EQ_REAL7_LOO_TLT,2670,mean_rank,100,0.7564586135201874,1.7065654355571929,-0.15456083413441413,0.9501068220370051,0.48949899987471546,1.0,-0.056600742320215607
P18_19,EQ_REAL7_LOO_TLT,2670,nested_complexity,100,0.7564586135201874,1.7065654355571929,-0.15456083413441413,0.9501068220370051,0.48949899987471546,1.0,-0.056600742320215607
P18_19,EQ_REAL7_LOO_TLT,2670,single_fold,100,-0.6593042658914439,1.7065654355571929,-0.15456083413441413,2.365869701448638,-0.27120321709319956,0.0,-0.056600742320215607
P18_19,EQ_REAL7_LOO_TLT,2670,stability_lcb,100,0.7564586135201874,1.7065654355571929,-0.15456083413441413,0.9501068220370051,0.48949899987471546,1.0,-0.056600742320215607
P18_19,FULL8,25,family_balanced,100,-0.09893866588576233,1.0521071981280459,-0.14734733809211784,1.1510458640138082,0.0586066136405602,0.46,0.06596923076923077
P18_19,FULL8,25,mean_fold,100,0.0006250550203642835,1.0521071981280459,-0.14734733809211784,1.0514821431076813,0.12426512272845708,0.49,0.06596923076923077
P18_19,FULL8,25,mean_rank,100,0.0004635444596478211,1.0521071981280459,-0.14734733809211784,1.051643653668398,0.1257965749382662,0.5,0.06596923076923077
P18_19,FULL8,25,nested_complexity,100,0.0006250550203642835,1.0521071981280459,-0.14734733809211784,1.0514821431076813,0.12426512272845708,0.49,0.06596923076923077
P18_19,FULL8,25,single_fold,100,-0.26823978533601234,1.0521071981280459,-0.14734733809211784,1.3203469834640578,-0.08880584501835426,0.4,0.06596923076923077
P18_19,FULL8,25,stability_lcb,100,0.039608975558591636,1.0521071981280459,-0.14734733809211784,1.0124982225694543,0.15850118698255355,0.54,0.06596923076923077
P18_19,FULL8,100,family_balanced,100,-0.09081048525832422,1.3314238365087392,-0.15008817199388894,1.4222343217670634,0.0369849384529912,0.52,0.06916783678367835
P18_19,FULL8,100,mean_fold,100,0.12814748331644224,1.3314238365087392,-0.15008817199388894,1.203276353192297,0.18852531559949035,0.67,0.06916783678367835
P18_19,FULL8,100,mean_rank,100,0.140627446535181,1.3314238365087392,-0.15008817199388894,1.1907963899735583,0.19581306673383592,0.65,0.06916783678367835
P18_19,FULL8,100,nested_complexity,100,0.12814748331644224,1.3314238365087392,-0.15008817199388894,1.203276353192297,0.18852531559949035,0.67,0.06916783678367835
P18_19,FULL8,100,single_fold,100,-0.44613418631094537,1.3314238365087392,-0.15008817199388894,1.7775580228196843,-0.20272194484687148,0.28,0.06916783678367835
P18_19,FULL8,100,stability_lcb,100,0.13859135096649328,1.3314238365087392,-0.15008817199388894,1.1928324855422459,0.195271897319919,0.64,0.06916783678367835
P18_19,FULL8,500,family_balanced,100,0.13509557842509287,1.5661265748750512,-0.14650781771390745,1.4310309964499586,0.1650376705236073,0.77,0.06930029640118561
P18_19,FULL8,500,mean_fold,100,0.10645150565544481,1.5661265748750512,-0.14650781771390745,1.4596750692196068,0.1458789189512279,0.5,0.06930029640118561
P18_19,FULL8,500,mean_rank,100,0.08545364623540258,1.5661265748750512,-0.14650781771390745,1.4806729286396487,0.13191292401037827,0.5,0.06930029640118561
P18_19,FULL8,500,nested_complexity,100,0.10645150565544481,1.5661265748750512,-0.14650781771390745,1.4596750692196068,0.1458789189512279,0.5,0.06930029640118561
P18_19,FULL8,500,single_fold,100,-0.6227730794394519,1.5661265748750512,-0.14650781771390745,2.1888996543145027,-0.28673760198936415,0.14,0.06930029640118561
P18_19,FULL8,500,stability_lcb,100,0.11825259392012548,1.5661265748750512,-0.14650781771390745,1.4478739809549257,0.15204012399644237,0.61,0.06930029640118561
P18_19,FULL8,1000,family_balanced,100,0.17573317007801606,1.6965856978404856,-0.146821342006217,1.5208525277624696,0.17597365806605555,0.78,0.06676822804822806
P18_19,FULL8,1000,mean_fold,100,0.2919336361387506,1.6965856978404856,-0.146821342006217,1.404652061701735,0.2384844438125944,0.67,0.06676822804822806
P18_19,FULL8,1000,mean_rank,100,0.2646259522268587,1.6965856978404856,-0.146821342006217,1.431959745613627,0.2231758570441763,0.64,0.06676822804822806
P18_19,FULL8,1000,nested_complexity,100,0.2919336361387506,1.6965856978404856,-0.146821342006217,1.404652061701735,0.2384844438125944,0.67,0.06676822804822806
P18_19,FULL8,1000,single_fold,100,-0.9678574290585966,1.6965856978404856,-0.146821342006217,2.664443126899082,-0.45233541437255786,0.06,0.06676822804822806
P18_19,FULL8,1000,stability_lcb,100,0.22027821668683076,1.6965856978404856,-0.146821342006217,1.476307481153655,0.19690843239675218,0.7,0.06676822804822806
P18_19,FULL8,2670,diverse_ensemble,100,0.18110048872487788,1.8589463473419494,-0.1453760180057986,1.6778458586170726,0.16288622647486803,1.0,0.06496128744125168
P18_19,FULL8,2670,family_balanced,100,0.4481777263892692,1.8589463473419494,-0.1453760180057986,1.4107686209526813,0.29613686633291975,1.0,0.06496128744125168
P18_19,FULL8,2670,mean_fold,100,0.8545026684939083,1.8589463473419494,-0.1453760180057986,1.004443678848042,0.4988612130395642,1.0,0.06496128744125168
P18_19,FULL8,2670,mean_rank,100,0.8545026684939083,1.8589463473419494,-0.1453760180057986,1.004443678848042,0.4988612130395642,1.0,0.06496128744125168
P18_19,FULL8,2670,nested_complexity,100,0.8545026684939083,1.8589463473419494,-0.1453760180057986,1.004443678848042,0.4988612130395642,1.0,0.06496128744125168
P18_19,FULL8,2670,single_fold,100,-1.2899107283457047,1.8589463473419494,-0.1453760180057986,3.1488570756876557,-0.5710332480081516,0.0,0.06496128744125168
P18_19,FULL8,2670,stability_lcb,100,0.8545026684939083,1.8589463473419494,-0.1453760180057986,1.004443678848042,0.4988612130395642,1.0,0.06496128744125168
P18_19,GLOBAL_EQ5,25,family_balanced,100,0.019372304612388494,1.0066877165602965,-0.15298426705064508,0.9873154119479082,0.16339052420181896,0.58,-0.07807692307692307
P18_19,GLOBAL_EQ5,25,mean_fold,100,-0.07621766048295574,1.0066877165602965,-0.15298426705064508,1.0829053770432524,0.070442624472091,0.46,-0.07807692307692307
P18_19,GLOBAL_EQ5,25,mean_rank,100,-0.18405368398898544,1.0066877165602965,-0.15298426705064508,1.190741400549282,-0.019358061027961414,0.38,-0.07807692307692307
P18_19,GLOBAL_EQ5,25,nested_complexity,100,-0.07621766048295574,1.0066877165602965,-0.15298426705064508,1.0829053770432524,0.070442624472091,0.46,-0.07807692307692307
P18_19,GLOBAL_EQ5,25,single_fold,100,0.14224395969380674,1.0066877165602965,-0.15298426705064508,0.8644437568664898,0.24424507365515852,0.59,-0.07807692307692307
P18_19,GLOBAL_EQ5,25,stability_lcb,100,-0.2407688345292006,1.0066877165602965,-0.15298426705064508,1.247456551089497,-0.0771831111118178,0.31,-0.07807692307692307
P18_19,GLOBAL_EQ5,100,family_balanced,100,0.10022237539744816,1.2969517201114482,-0.15847647050139418,1.1967293447140002,0.18481973615412214,0.65,-0.05982214221422141
P18_19,GLOBAL_EQ5,100,mean_fold,100,0.13152426356662741,1.2969517201114482,-0.15847647050139418,1.1654274565448208,0.1987769398078835,0.74,-0.05982214221422141
P18_19,GLOBAL_EQ5,100,mean_rank,100,0.06090128184244138,1.2969517201114482,-0.15847647050139418,1.2360504382690067,0.1510304675146094,0.56,-0.05982214221422141
P18_19,GLOBAL_EQ5,100,nested_complexity,100,0.13152426356662741,1.2969517201114482,-0.15847647050139418,1.1654274565448208,0.1987769398078835,0.74,-0.05982214221422141
P18_19,GLOBAL_EQ5,100,single_fold,100,0.06802332429424923,1.2969517201114482,-0.15847647050139418,1.228928395817199,0.1557517495186082,0.5,-0.05982214221422141
P18_19,GLOBAL_EQ5,100,stability_lcb,100,-0.04394693192930472,1.2969517201114482,-0.15847647050139418,1.3408986520407526,0.08059445334136012,0.54,-0.05982214221422141
P18_19,GLOBAL_EQ5,500,family_balanced,100,0.21337593902333604,1.4339759221813342,-0.15482730832945632,1.2205999831579983,0.23259957000383594,0.68,-0.05276756147024589
P18_19,GLOBAL_EQ5,500,mean_fold,100,0.36387960152508647,1.4339759221813342,-0.15482730832945632,1.0700963206562477,0.32757368416887367,0.96,-0.05276756147024589
P18_19,GLOBAL_EQ5,500,mean_rank,100,0.34194257165418024,1.4339759221813342,-0.15482730832945632,1.0920333505271542,0.31323605110599667,0.88,-0.05276756147024589
P18_19,GLOBAL_EQ5,500,nested_complexity,100,0.36387960152508647,1.4339759221813342,-0.15482730832945632,1.0700963206562477,0.32757368416887367,0.96,-0.05276756147024589
P18_19,GLOBAL_EQ5,500,single_fold,100,-0.31378732896113687,1.4339759221813342,-0.15482730832945632,1.747763251142471,-0.1001553374376087,0.35,-0.05276756147024589
P18_19,GLOBAL_EQ5,500,stability_lcb,100,0.38840452311226165,1.4339759221813342,-0.15482730832945632,1.0455713990690727,0.3436590748737119,0.95,-0.05276756147024589
P18_19,GLOBAL_EQ5,1000,family_balanced,100,0.2846428522726635,1.5109827821942685,-0.15416536487264185,1.226339929921605,0.26463669732358275,0.83,-0.056524394764394754
P18_19,GLOBAL_EQ5,1000,mean_fold,100,0.4489526421952402,1.5109827821942685,-0.15416536487264185,1.0620301399990284,0.3634400310827206,0.99,-0.056524394764394754
P18_19,GLOBAL_EQ5,1000,mean_rank,100,0.42255968784366293,1.5109827821942685,-0.15416536487264185,1.0884230943506055,0.34574746961586955,0.97,-0.056524394764394754
P18_19,GLOBAL_EQ5,1000,nested_complexity,100,0.4489526421952402,1.5109827821942685,-0.15416536487264185,1.0620301399990284,0.3634400310827206,0.99,-0.056524394764394754
P18_19,GLOBAL_EQ5,1000,single_fold,100,-0.3517779759518625,1.5109827821942685,-0.15416536487264185,1.8627607581461307,-0.11903364715217515,0.33,-0.056524394764394754
P18_19,GLOBAL_EQ5,1000,stability_lcb,100,0.44629908209799735,1.5109827821942685,-0.15416536487264185,1.0646837000962712,0.3617463008287913,0.99,-0.056524394764394754
P18_19,GLOBAL_EQ5,2670,diverse_ensemble,100,0.31103749888641696,1.618398973485265,-0.15053408219404196,1.3073614745988487,0.2609321927692769,1.0,-0.05655895835569018
P18_19,GLOBAL_EQ5,2670,family_balanced,100,0.3520812704319887,1.618398973485265,-0.15053408219404196,1.2663177030532768,0.28413475061271654,1.0,-0.05655895835569018
P18_19,GLOBAL_EQ5,2670,mean_fold,100,0.49100591156300927,1.618398973485265,-0.15053408219404196,1.1273930619222563,0.3626705893122034,1.0,-0.05655895835569018
P18_19,GLOBAL_EQ5,2670,mean_rank,100,0.5791575545530873,1.618398973485265,-0.15053408219404196,1.0392414189321781,0.4125038165827661,1.0,-0.05655895835569018
P18_19,GLOBAL_EQ5,2670,nested_complexity,100,0.49100591156300927,1.618398973485265,-0.15053408219404196,1.1273930619222563,0.3626705893122034,1.0,-0.05655895835569018
P18_19,GLOBAL_EQ5,2670,single_fold,100,-0.768349474638909,1.618398973485265,-0.15053408219404196,2.3867484481241736,-0.3492587752042503,0.0,-0.05655895835569018
P18_19,GLOBAL_EQ5,2670,stability_lcb,100,0.5791575545530873,1.618398973485265,-0.15053408219404196,1.0392414189321781,0.4125038165827661,1.0,-0.05655895835569018
P18_19,LOO_DBC,25,family_balanced,100,-0.011469513317396686,1.048392469183975,-0.13788175574351588,1.0598619825013715,0.10426021715220479,0.5,0.013669230769230769
P18_19,LOO_DBC,25,mean_fold,100,0.17571449518736354,1.048392469183975,-0.13788175574351588,0.8726779739966113,0.2758940615784891,0.68,0.013669230769230769
P18_19,LOO_DBC,25,mean_rank,100,0.045606430956115294,1.048392469183975,-0.13788175574351588,1.0027860382278595,0.1629393278452863,0.54,0.013669230769230769
P18_19,LOO_DBC,25,nested_complexity,100,0.17571449518736354,1.048392469183975,-0.13788175574351588,0.8726779739966113,0.2758940615784891,0.68,0.013669230769230769
P18_19,LOO_DBC,25,single_fold,100,-0.15024482140001738,1.048392469183975,-0.13788175574351588,1.1986372905839922,0.010701337642089274,0.42,0.013669230769230769
P18_19,LOO_DBC,25,stability_lcb,100,-0.035574712974035645,1.048392469183975,-0.13788175574351588,1.0839671821580106,0.10357129870031362,0.49,0.013669230769230769
P18_19,LOO_DBC,100,family_balanced,100,-0.10186317853061584,1.3403312577131063,-0.14195648976063244,1.4421944362437222,0.026891568279684863,0.4,0.00030543054305430306
P18_19,LOO_DBC,100,mean_fold,100,0.23390159977723016,1.3403312577131063,-0.14195648976063244,1.106429657935876,0.25106661053348023,0.73,0.00030543054305430306
P18_19,LOO_DBC,100,mean_rank,100,0.17600897695630102,1.3403312577131063,-0.14195648976063244,1.1643222807568054,0.21225727873657402,0.66,0.00030543054305430306
P18_19,LOO_DBC,100,nested_complexity,100,0.23390159977723016,1.3403312577131063,-0.14195648976063244,1.106429657935876,0.25106661053348023,0.73,0.00030543054305430306
P18_19,LOO_DBC,100,single_fold,100,-0.2825308936081939,1.3403312577131063,-0.14195648976063244,1.6228621513213002,-0.09318817185114282,0.37,0.00030543054305430306
P18_19,LOO_DBC,100,stability_lcb,100,0.1645382167939159,1.3403312577131063,-0.14195648976063244,1.1757930409191906,0.2093543196131363,0.64,0.00030543054305430306
P18_19,LOO_DBC,500,family_balanced,100,-0.12176114457084938,1.5229251776030508,-0.13825879997360163,1.6446863221739005,0.014344420320391784,0.23,0.006038523034092137
P18_19,LOO_DBC,500,mean_fold,100,0.4121358843398436,1.5229251776030508,-0.13825879997360163,1.110789293263207,0.33305504538884134,0.89,0.006038523034092137
P18_19,LOO_DBC,500,mean_rank,100,0.3752399691428912,1.5229251776030508,-0.13825879997360163,1.1476852084601594,0.30991422502660293,0.83,0.006038523034092137
P18_19,LOO_DBC,500,nested_complexity,100,0.4121358843398436,1.5229251776030508,-0.13825879997360163,1.110789293263207,0.33305504538884134,0.89,0.006038523034092137
P18_19,LOO_DBC,500,single_fold,100,-0.30916222792541126,1.5229251776030508,-0.13825879997360163,1.8320874055284622,-0.10252063559933684,0.38,0.006038523034092137
P18_19,LOO_DBC,500,stability_lcb,100,0.42398019260273445,1.5229251776030508,-0.13825879997360163,1.0989449850003163,0.34114375529016905,0.8,0.006038523034092137
P18_19,LOO_DBC,1000,family_balanced,100,0.2375081160165898,1.5858327486458643,-0.13786143843325263,1.3483246326292742,0.21826966732570086,0.46,0.0036959201759201765
P18_19,LOO_DBC,1000,mean_fold,100,0.5064681820021221,1.5858327486458643,-0.13786143843325263,1.0793645666437417,0.3741017325017886,0.96,0.0036959201759201765
P18_19,LOO_DBC,1000,mean_rank,100,0.5060165558490433,1.5858327486458643,-0.13786143843325263,1.0798161927968208,0.3739377194906179,0.93,0.0036959201759201765
P18_19,LOO_DBC,1000,nested_complexity,100,0.5064681820021221,1.5858327486458643,-0.13786143843325263,1.0793645666437417,0.3741017325017886,0.96,0.0036959201759201765
P18_19,LOO_DBC,1000,single_fold,100,-0.22922013210632688,1.5858327486458643,-0.13786143843325263,1.8150528807521908,-0.05238359492018797,0.49,0.0036959201759201765
P18_19,LOO_DBC,1000,stability_lcb,100,0.46686188691651637,1.5858327486458643,-0.13786143843325263,1.1189708617293477,0.35115578940461817,0.84,0.0036959201759201765
P18_19,LOO_DBC,2670,diverse_ensemble,100,0.5152583219896102,1.6551214475581713,-0.13548128282683214,1.1398631255685618,0.3634193077972823,1.0,0.0032813145480108507
P18_19,LOO_DBC,2670,family_balanced,100,1.1197915263173674,1.6551214475581713,-0.13548128282683214,0.5353299212408043,0.7010336730997271,1.0,0.0032813145480108507
P18_19,LOO_DBC,2670,mean_fold,100,0.6646679632458675,1.6551214475581713,-0.13548128282683214,0.9904534843123031,0.4468602848051379,1.0,0.0032813145480108507
P18_19,LOO_DBC,2670,mean_rank,100,0.6646679632458675,1.6551214475581713,-0.13548128282683214,0.9904534843123031,0.4468602848051379,1.0,0.0032813145480108507
P18_19,LOO_DBC,2670,nested_complexity,100,0.6646679632458675,1.6551214475581713,-0.13548128282683214,0.9904534843123031,0.4468602848051379,1.0,0.0032813145480108507
P18_19,LOO_DBC,2670,single_fold,100,0.39572971975873705,1.6551214475581713,-0.13548128282683214,1.2593917277994344,0.29666602958398913,1.0,0.0032813145480108507
P18_19,LOO_DBC,2670,stability_lcb,100,0.6646679632458675,1.6551214475581713,-0.13548128282683214,0.9904534843123031,0.4468602848051379,1.0,0.0032813145480108507
P18_19,LOO_EEM,25,family_balanced,100,-0.1508043978436679,0.9711916200693491,-0.12801850450558033,1.1219960179130168,-0.019065915916121893,0.31,0.06375384615384616
P18_19,LOO_EEM,25,mean_fold,100,-0.022840534876874402,0.9711916200693491,-0.12801850450558033,0.9940321549462233,0.08725432694538679,0.51,0.06375384615384616
P18_19,LOO_EEM,25,mean_rank,100,0.010308666433750795,0.9711916200693491,-0.12801850450558033,0.9608829536355981,0.12265192451639503,0.49,0.06375384615384616
P18_19,LOO_EEM,25,nested_complexity,100,-0.022840534876874402,0.9711916200693491,-0.12801850450558033,0.9940321549462233,0.08725432694538679,0.51,0.06375384615384616
P18_19,LOO_EEM,25,single_fold,100,-0.3617371447003917,0.9711916200693491,-0.12801850450558033,1.332928764769741,-0.19397329659366686,0.35,0.06375384615384616
P18_19,LOO_EEM,25,stability_lcb,100,0.027305415437713434,0.9711916200693491,-0.12801850450558033,0.9438862046316355,0.1430768128845396,0.51,0.06375384615384616
P18_19,LOO_EEM,100,family_balanced,100,-0.03954984425988525,1.229165533221703,-0.1315734561869112,1.268715377481588,0.06859448836635451,0.43,0.06443360336033603
P18_19,LOO_EEM,100,mean_fold,100,0.02618561445112869,1.229165533221703,-0.1315734561869112,1.2029799187705743,0.11192809774517933,0.6,0.06443360336033603
P18_19,LOO_EEM,100,mean_rank,100,0.0030028371978789324,1.229165533221703,-0.1315734561869112,1.226162696023824,0.09465844752089658,0.55,0.06443360336033603
P18_19,LOO_EEM,100,nested_complexity,100,0.02618561445112869,1.229165533221703,-0.1315734561869112,1.2029799187705743,0.11192809774517933,0.6,0.06443360336033603
P18_19,LOO_EEM,100,single_fold,100,-0.5859589818464586,1.229165533221703,-0.1315734561869112,1.8151245150681614,-0.3339229011826288,0.27,0.06443360336033603
P18_19,LOO_EEM,100,stability_lcb,100,0.033985083451744,1.229165533221703,-0.1315734561869112,1.1951804497699592,0.12177239881135885,0.56,0.06443360336033603
P18_19,LOO_EEM,500,family_balanced,100,-0.1260605273014416,1.4642014711203248,-0.12942501742836227,1.5902619984217659,0.0015272825594370805,0.38,0.06789856695426781
P18_19,LOO_EEM,500,mean_fold,100,0.07434802768638217,1.4642014711203248,-0.12942501742836227,1.3898534434339422,0.12868010720515552,0.49,0.06789856695426781
P18_19,LOO_EEM,500,mean_rank,100,0.03950135537122188,1.4642014711203248,-0.12942501742836227,1.4247001157491024,0.10692733287508945,0.43,0.06789856695426781
P18_19,LOO_EEM,500,nested_complexity,100,0.07434802768638217,1.4642014711203248,-0.12942501742836227,1.3898534434339422,0.12868010720515552,0.49,0.06789856695426781
P18_19,LOO_EEM,500,single_fold,100,-0.7710238263430534,1.4642014711203248,-0.12942501742836227,2.235225297463378,-0.40597425940083715,0.21,0.06789856695426781
P18_19,LOO_EEM,500,stability_lcb,100,0.07901536511703518,1.4642014711203248,-0.12942501742836227,1.3851861060032888,0.12978963360007764,0.49,0.06789856695426781
P18_19,LOO_EEM,1000,family_balanced,100,-0.23004825341839616,1.6020488875718097,-0.1302306362783764,1.8320971409902058,-0.057163284730187176,0.13,0.0645700678900679
P18_19,LOO_EEM,1000,mean_fold,100,0.18142712288214427,1.6020488875718097,-0.1302306362783764,1.4206217646896653,0.18391012103103047,0.47,0.0645700678900679
P18_19,LOO_EEM,1000,mean_rank,100,0.11189149504184163,1.6020488875718097,-0.1302306362783764,1.4901573925299678,0.14423860183477047,0.38,0.0645700678900679
P18_19,LOO_EEM,1000,nested_complexity,100,0.18142712288214427,1.6020488875718097,-0.1302306362783764,1.4206217646896653,0.18391012103103047,0.47,0.0645700678900679
P18_19,LOO_EEM,1000,single_fold,100,-0.8902349058441582,1.6020488875718097,-0.1302306362783764,2.492283793415967,-0.4406114926845271,0.15,0.0645700678900679
P18_19,LOO_EEM,1000,stability_lcb,100,0.20121699810816204,1.6020488875718097,-0.1302306362783764,1.4008318894636478,0.19584286500886894,0.58,0.0645700678900679
P18_19,LOO_EEM,2670,diverse_ensemble,100,0.19964381708867204,1.7730349395240979,-0.12896428836854507,1.5733911224354247,0.17276984166881346,1.0,0.06318341253354358
P18_19,LOO_EEM,2670,family_balanced,100,-0.27025794630725153,1.7730349395240979,-0.12896428836854507,2.0432928858313493,-0.07428691655950648,0.0,0.06318341253354358
P18_19,LOO_EEM,2670,mean_fold,100,0.8594209349104693,1.7730349395240979,-0.12896428836854507,0.9136140046136281,0.5196559540006308,1.0,0.06318341253354358
P18_19,LOO_EEM,2670,mean_rank,100,0.8594209349104693,1.7730349395240979,-0.12896428836854507,0.9136140046136281,0.5196559540006308,1.0,0.06318341253354358
P18_19,LOO_EEM,2670,nested_complexity,100,0.8594209349104693,1.7730349395240979,-0.12896428836854507,0.9136140046136281,0.5196559540006308,1.0,0.06318341253354358
P18_19,LOO_EEM,2670,single_fold,100,-1.3758454391119281,1.7730349395240979,-0.12896428836854507,3.148880378636025,-0.6555634368605342,0.0,0.06318341253354358
P18_19,LOO_EEM,2670,stability_lcb,100,0.8594209349104693,1.7730349395240979,-0.12896428836854507,0.9136140046136281,0.5196559540006308,1.0,0.06318341253354358
P18_19,LOO_EFA,25,family_balanced,100,-0.08966392699198751,1.1020233272650293,-0.1363265289990178,1.1916872542570172,0.04227202174029801,0.41,0.08003846153846153
P18_19,LOO_EFA,25,mean_fold,100,0.09777810233999185,1.1020233272650293,-0.1363265289990178,1.0042452249250375,0.197155422782858,0.62,0.08003846153846153
P18_19,LOO_EFA,25,mean_rank,100,0.11565923108507357,1.1020233272650293,-0.1363265289990178,0.9863640961799558,0.21150173568390065,0.62,0.08003846153846153
P18_19,LOO_EFA,25,nested_complexity,100,0.09777810233999185,1.1020233272650293,-0.1363265289990178,1.0042452249250375,0.197155422782858,0.62,0.08003846153846153
P18_19,LOO_EFA,25,single_fold,100,-0.32106230030586075,1.1020233272650293,-0.1363265289990178,1.4230856275708905,-0.14212722156052898,0.41,0.08003846153846153
P18_19,LOO_EFA,25,stability_lcb,100,0.10367853823418505,1.1020233272650293,-0.1363265289990178,0.9983447890308443,0.19594542786250344,0.61,0.08003846153846153
P18_19,LOO_EFA,100,family_balanced,100,0.2717821470080494,1.375630933038504,-0.1405117341338609,1.1038487860304544,0.27671277284122336,0.77,0.08563864386438645
P18_19,LOO_EFA,100,mean_fold,100,0.2766124056700988,1.375630933038504,-0.1405117341338609,1.099018527368405,0.27675815275167276,0.78,0.08563864386438645
P18_19,LOO_EFA,100,mean_rank,100,0.2739556342387441,1.375630933038504,-0.1405117341338609,1.1016752987997596,0.2742009717770655,0.75,0.08563864386438645
P18_19,LOO_EFA,100,nested_complexity,100,0.2766124056700988,1.375630933038504,-0.1405117341338609,1.099018527368405,0.27675815275167276,0.78,0.08563864386438645
P18_19,LOO_EFA,100,single_fold,100,-0.5536417974343721,1.375630933038504,-0.1405117341338609,1.929272730472876,-0.27172880609205285,0.29,0.08563864386438645
P18_19,LOO_EFA,100,stability_lcb,100,0.2950387374862117,1.375630933038504,-0.1405117341338609,1.080592195552292,0.2887496799931021,0.76,0.08563864386438645
P18_19,LOO_EFA,500,family_balanced,100,0.10790208515663408,1.5421076223185366,-0.13635446160613157,1.434205537161903,0.1454731000486934,0.57,0.08397246132984532
P18_19,LOO_EFA,500,mean_fold,100,0.16117143498823694,1.5421076223185366,-0.13635446160613157,1.3809361873303,0.17824266818925175,0.56,0.08397246132984532
P18_19,LOO_EFA,500,mean_rank,100,0.06779765326433035,1.5421076223185366,-0.13635446160613157,1.4743099690542065,0.12107038051089734,0.38,0.08397246132984532
P18_19,LOO_EFA,500,nested_complexity,100,0.16117143498823694,1.5421076223185366,-0.13635446160613157,1.3809361873303,0.17824266818925175,0.56,0.08397246132984532
P18_19,LOO_EFA,500,single_fold,100,-1.114049949182302,1.5421076223185366,-0.13635446160613157,2.6561575715008394,-0.5858655267900877,0.03,0.08397246132984532
P18_19,LOO_EFA,500,stability_lcb,100,0.1217255594498499,1.5421076223185366,-0.13635446160613157,1.420382062868687,0.1543561330194536,0.43,0.08397246132984532
P18_19,LOO_EFA,1000,family_balanced,100,-0.004895255840689565,1.6164816602283851,-0.13682990970754141,1.6213769160690747,0.07611909176526856,0.31,0.08274024966024966
P18_19,LOO_EFA,1000,mean_fold,100,0.25497274783895174,1.6164816602283851,-0.13682990970754141,1.3615089123894335,0.22378138058465594,0.51,0.08274024966024966
P18_19,LOO_EFA,1000,mean_rank,100,0.16787977961165632,1.6164816602283851,-0.13682990970754141,1.4486018806167291,0.17377248358181357,0.36,0.08274024966024966
P18_19,LOO_EFA,1000,nested_complexity,100,0.25497274783895174,1.6164816602283851,-0.13682990970754141,1.3615089123894335,0.22378138058465594,0.51,0.08274024966024966
P18_19,LOO_EFA,1000,single_fold,100,-1.1905567618087904,1.6164816602283851,-0.13682990970754141,2.807038422037175,-0.6038629653163539,0.0,0.08274024966024966
P18_19,LOO_EFA,1000,stability_lcb,100,0.20163147063240788,1.6164816602283851,-0.13682990970754141,1.4148501895959773,0.19373785873427202,0.41,0.08274024966024966
P18_19,LOO_EFA,2670,diverse_ensemble,100,0.3239566534851778,1.7067114330073787,-0.1351345431767885,1.3827547795222015,0.24925601955766427,1.0,0.08172816986248428
P18_19,LOO_EFA,2670,family_balanced,100,-0.1281935668674752,1.7067114330073787,-0.1351345431767885,1.8349049998748543,0.0037684890045438023,0.0,0.08172816986248428
P18_19,LOO_EFA,2670,mean_fold,100,0.8820047420617168,1.7067114330073787,-0.1351345431767885,0.8247066909456617,0.5522390571147309,1.0,0.08172816986248428
P18_19,LOO_EFA,2670,mean_rank,100,0.8820047420617168,1.7067114330073787,-0.1351345431767885,0.8247066909456617,0.5522390571147309,1.0,0.08172816986248428
P18_19,LOO_EFA,2670,nested_complexity,100,0.8820047420617168,1.7067114330073787,-0.1351345431767885,0.8247066909456617,0.5522390571147309,1.0,0.08172816986248428
P18_19,LOO_EFA,2670,single_fold,100,-1.445183381130186,1.7067114330073787,-0.1351345431767885,3.1518948141375636,-0.7112694844698589,0.0,0.08172816986248428
P18_19,LOO_EFA,2670,stability_lcb,100,0.8820047420617168,1.7067114330073787,-0.1351345431767885,0.8247066909456617,0.5522390571147309,1.0,0.08172816986248428
P18_19,LOO_GLD,25,family_balanced,100,-0.1934962629370692,1.0669445492097922,-0.14521953125053677,1.2604408121468613,-0.04299089699951511,0.33,0.018646153846153847
P18_19,LOO_GLD,25,mean_fold,100,-0.06289843245829553,1.0669445492097922,-0.14521953125053677,1.129842981668088,0.06314957901830545,0.46,0.018646153846153847
P18_19,LOO_GLD,25,mean_rank,100,-0.09501422995282813,1.0669445492097922,-0.14521953125053677,1.1619587791626202,0.0344880812367804,0.45,0.018646153846153847
P18_19,LOO_GLD,25,nested_complexity,100,-0.06289843245829553,1.0669445492097922,-0.14521953125053677,1.129842981668088,0.06314957901830545,0.46,0.018646153846153847
P18_19,LOO_GLD,25,single_fold,100,-0.1321498759535813,1.0669445492097922,-0.14521953125053677,1.1990944251633735,0.022327721132981707,0.46,0.018646153846153847
P18_19,LOO_GLD,25,stability_lcb,100,-0.09123972567186385,1.0669445492097922,-0.14521953125053677,1.1581842748816562,0.049524772008498995,0.47,0.018646153846153847
P18_19,LOO_GLD,100,family_balanced,100,0.04110112439517156,1.355257065516245,-0.14983044590054767,1.314155941121073,0.13279444222323183,0.51,0.02674731473147314
P18_19,LOO_GLD,100,mean_fold,100,0.10243891118038456,1.355257065516245,-0.14983044590054767,1.2528181543358599,0.16663277617548733,0.66,0.02674731473147314
P18_19,LOO_GLD,100,mean_rank,100,0.0823938242415052,1.355257065516245,-0.14983044590054767,1.2728632412747394,0.15380298651529337,0.64,0.02674731473147314
P18_19,LOO_GLD,100,nested_complexity,100,0.10243891118038456,1.355257065516245,-0.14983044590054767,1.2528181543358599,0.16663277617548733,0.66,0.02674731473147314
P18_19,LOO_GLD,100,single_fold,100,-0.04393619660739785,1.355257065516245,-0.14983044590054767,1.3991932621236425,0.07344920888330549,0.56,0.02674731473147314
P18_19,LOO_GLD,100,stability_lcb,100,0.0749336887899113,1.355257065516245,-0.14983044590054767,1.2803233767263333,0.14780650587506,0.64,0.02674731473147314
P18_19,LOO_GLD,500,family_balanced,100,-0.019613433973954316,1.6089219804424266,-0.14711922793577306,1.628535414416381,0.07109412016638189,0.46,0.028008575714302854
P18_19,LOO_GLD,500,mean_fold,100,-0.030284452598558925,1.6089219804424266,-0.14711922793577306,1.6392064330409855,0.0638869933742794,0.56,0.028008575714302854
P18_19,LOO_GLD,500,mean_rank,100,-0.05587478820185723,1.6089219804424266,-0.14711922793577306,1.6647967686442837,0.05091486419225268,0.51,0.028008575714302854
P18_19,LOO_GLD,500,nested_complexity,100,-0.030284452598558925,1.6089219804424266,-0.14711922793577306,1.6392064330409855,0.0638869933742794,0.56,0.028008575714302854
P18_19,LOO_GLD,500,single_fold,100,-0.24839705478419805,1.6089219804424266,-0.14711922793577306,1.8573190352266247,-0.0598508662324587,0.35,0.028008575714302854
P18_19,LOO_GLD,500,stability_lcb,100,-0.04472559223935324,1.6089219804424266,-0.14711922793577306,1.65364757268178,0.05694698826759456,0.61,0.028008575714302854
P18_19,LOO_GLD,1000,family_balanced,100,-0.06477433700466213,1.73135104301397,-0.14803559862110618,1.796125380018632,0.04666471508746373,0.43,0.025840157800157804
P18_19,LOO_GLD,1000,mean_fold,100,-0.05568316606731772,1.73135104301397,-0.14803559862110618,1.7870342090812874,0.05185720261522064,0.57,0.025840157800157804
P18_19,LOO_GLD,1000,mean_rank,100,-0.06803993128626327,1.73135104301397,-0.14803559862110618,1.7993909743002328,0.04579012515595608,0.52,0.025840157800157804
P18_19,LOO_GLD,1000,nested_complexity,100,-0.05568316606731772,1.73135104301397,-0.14803559862110618,1.7870342090812874,0.05185720261522064,0.57,0.025840157800157804
P18_19,LOO_GLD,1000,single_fold,100,-0.41609936203747244,1.73135104301397,-0.14803559862110618,2.1474504050514422,-0.14293047737271952,0.24,0.025840157800157804
P18_19,LOO_GLD,1000,stability_lcb,100,-0.10681524867359142,1.73135104301397,-0.14803559862110618,1.8381662916875612,0.02369595907621756,0.62,0.025840157800157804
P18_19,LOO_GLD,2670,diverse_ensemble,100,0.1739230887089134,1.848119574756687,-0.14677073083836237,1.6741964860477734,0.1607576209317519,1.0,0.02292643974802538
P18_19,LOO_GLD,2670,family_balanced,100,-0.38960242363944475,1.848119574756687,-0.14677073083836237,2.237721998396132,-0.12172683987686675,0.0,0.02292643974802538
P18_19,LOO_GLD,2670,mean_fold,100,-0.757943632333112,1.848119574756687,-0.14677073083836237,2.6060632070897998,-0.30636917718262463,0.0,0.02292643974802538
P18_19,LOO_GLD,2670,mean_rank,100,-0.757943632333112,1.848119574756687,-0.14677073083836237,2.6060632070897998,-0.30636917718262463,0.0,0.02292643974802538
P18_19,LOO_GLD,2670,nested_complexity,100,-0.757943632333112,1.848119574756687,-0.14677073083836237,2.6060632070897998,-0.30636917718262463,0.0,0.02292643974802538
P18_19,LOO_GLD,2670,single_fold,100,-0.8841548309852577,1.848119574756687,-0.14677073083836237,2.732274405741945,-0.36963641463330654,0.0,0.02292643974802538
P18_19,LOO_GLD,2670,stability_lcb,100,-0.757943632333112,1.848119574756687,-0.14677073083836237,2.6060632070897998,-0.30636917718262463,0.0,0.02292643974802538
P18_19,LOO_IWM,25,family_balanced,100,-0.06832311503171913,1.0839427290734285,-0.14448309039017446,1.1522658441051477,0.06648313244701275,0.37,0.1489
P18_19,LOO_IWM,25,mean_fold,100,0.08120341486617103,1.0839427290734285,-0.14448309039017446,1.0027393142072574,0.19431637111662212,0.55,0.1489
P18_19,LOO_IWM,25,mean_rank,100,0.07809428587472063,1.0839427290734285,-0.14448309039017446,1.005848443198708,0.1914691359089734,0.55,0.1489
P18_19,LOO_IWM,25,nested_complexity,100,0.08120341486617103,1.0839427290734285,-0.14448309039017446,1.0027393142072574,0.19431637111662212,0.55,0.1489
P18_19,LOO_IWM,25,single_fold,100,-0.13296893203040383,1.0839427290734285,-0.14448309039017446,1.2169116611038324,0.015898164967576144,0.46,0.1489
P18_19,LOO_IWM,25,stability_lcb,100,0.07220831789022093,1.0839427290734285,-0.14448309039017446,1.0117344111832076,0.18573734832417055,0.56,0.1489
P18_19,LOO_IWM,100,family_balanced,100,0.17423480625428858,1.3430237521776396,-0.14922233949209623,1.1687889459233514,0.22224919007994212,0.7,0.1577111311131113
P18_19,LOO_IWM,100,mean_fold,100,0.2229798016049043,1.3430237521776396,-0.14922233949209623,1.1200439505727358,0.2521597600654968,0.76,0.1577111311131113
P18_19,LOO_IWM,100,mean_rank,100,0.21608508276288915,1.3430237521776396,-0.14922233949209623,1.1269386694147507,0.24772562905686157,0.7,0.1577111311131113
P18_19,LOO_IWM,100,nested_complexity,100,0.2229798016049043,1.3430237521776396,-0.14922233949209623,1.1200439505727358,0.2521597600654968,0.76,0.1577111311131113
P18_19,LOO_IWM,100,single_fold,100,-0.28271402992860517,1.3430237521776396,-0.14922233949209623,1.625737782106245,-0.09536495352539096,0.34,0.1577111311131113
P18_19,LOO_IWM,100,stability_lcb,100,0.21423109981549973,1.3430237521776396,-0.14922233949209623,1.1287926523621399,0.24467614851326772,0.65,0.1577111311131113
P18_19,LOO_IWM,500,family_balanced,100,0.2173709552485408,1.543447479778947,-0.14625382490625258,1.326076524530406,0.21562614527103663,0.79,0.15638287161148645
P18_19,LOO_IWM,500,mean_fold,100,0.29635942938890564,1.543447479778947,-0.14625382490625258,1.2470880503900412,0.26254194351101495,0.84,0.15638287161148645
P18_19,LOO_IWM,500,mean_rank,100,0.22389274821591865,1.543447479778947,-0.14625382490625258,1.3195547315630285,0.21947517132882563,0.73,0.15638287161148645
P18_19,LOO_IWM,500,nested_complexity,100,0.29635942938890564,1.543447479778947,-0.14625382490625258,1.2470880503900412,0.26254194351101495,0.84,0.15638287161148645
P18_19,LOO_IWM,500,single_fold,100,-0.5437709604467083,1.543447479778947,-0.14625382490625258,2.087218440225655,-0.2365566155396558,0.2,0.15638287161148645
P18_19,LOO_IWM,500,stability_lcb,100,0.1382358949494671,1.543447479778947,-0.14625382490625258,1.4052115848294797,0.1689053566650383,0.59,0.15638287161148645
P18_19,LOO_IWM,1000,family_balanced,100,0.3383159818650935,1.6347617910721859,-0.14674791940241178,1.2964458092070927,0.27356002451547623,0.91,0.15481006237006237
P18_19,LOO_IWM,1000,mean_fold,100,0.34077509529342953,1.6347617910721859,-0.14674791940241178,1.2939866957787565,0.27493327633640535,0.89,0.15481006237006237
P18_19,LOO_IWM,1000,mean_rank,100,0.31986558393899206,1.6347617910721859,-0.14674791940241178,1.3148962071331938,0.2640242365812903,0.86,0.15481006237006237
P18_19,LOO_IWM,1000,nested_complexity,100,0.34077509529342953,1.6347617910721859,-0.14674791940241178,1.2939866957787565,0.27493327633640535,0.89,0.15481006237006237
P18_19,LOO_IWM,1000,single_fold,100,-0.8314504697371234,1.6347617910721859,-0.14674791940241178,2.4662122608093093,-0.3859009068889147,0.05,0.15481006237006237
P18_19,LOO_IWM,1000,stability_lcb,100,0.29148387304039824,1.6347617910721859,-0.14674791940241178,1.3432779180317878,0.24751964639048007,0.81,0.15481006237006237
P18_19,LOO_IWM,2670,diverse_ensemble,100,0.7276094813246857,1.7513109230799,-0.14535474312412028,1.0237014417552144,0.460262575531276,1.0,0.15252139570897477
P18_19,LOO_IWM,2670,family_balanced,100,0.41103710479352457,1.7513109230799,-0.14535474312412028,1.340273818286375,0.2933526228854058,1.0,0.15252139570897477
P18_19,LOO_IWM,2670,mean_fold,100,0.49433609405551127,1.7513109230799,-0.14535474312412028,1.2569748290243887,0.3372712695642908,1.0,0.15252139570897477
P18_19,LOO_IWM,2670,mean_rank,100,0.49433609405551127,1.7513109230799,-0.14535474312412028,1.2569748290243887,0.3372712695642908,1.0,0.15252139570897477
P18_19,LOO_IWM,2670,nested_complexity,100,0.49433609405551127,1.7513109230799,-0.14535474312412028,1.2569748290243887,0.3372712695642908,1.0,0.15252139570897477
P18_19,LOO_IWM,2670,single_fold,100,-0.9740535882212846,1.7513109230799,-0.14535474312412028,2.7253645113011835,-0.43692405038138304,0.0,0.15252139570897477
P18_19,LOO_IWM,2670,stability_lcb,100,0.49433609405551127,1.7513109230799,-0.14535474312412028,1.2569748290243887,0.3372712695642908,1.0,0.15252139570897477
P18_19,LOO_QQQ,25,family_balanced,100,-0.23847567481363832,1.057893981908344,-0.16378204664237223,1.2963696567219822,-0.04981533569783576,0.33,0.08979230769230767
P18_19,LOO_QQQ,25,mean_fold,100,-0.014545013009805527,1.057893981908344,-0.16378204664237223,1.0724389949181494,0.12589414800409407,0.5,0.08979230769230767
P18_19,LOO_QQQ,25,mean_rank,100,-0.05526425978717306,1.057893981908344,-0.16378204664237223,1.1131582416955168,0.09027197720585402,0.47,0.08979230769230767
P18_19,LOO_QQQ,25,nested_complexity,100,-0.014545013009805527,1.057893981908344,-0.16378204664237223,1.0724389949181494,0.12589414800409407,0.5,0.08979230769230767
P18_19,LOO_QQQ,25,single_fold,100,-0.19056996633545992,1.057893981908344,-0.16378204664237223,1.2484639482438036,-0.026794732468070723,0.37,0.08979230769230767
P18_19,LOO_QQQ,25,stability_lcb,100,0.0001008063930353198,1.057893981908344,-0.16378204664237223,1.0577931755153085,0.13508612395639563,0.56,0.08979230769230767
P18_19,LOO_QQQ,100,family_balanced,100,-0.02180731915937227,1.3366426334687487,-0.16262794336426176,1.3584499526281208,0.09886359288019554,0.57,0.0857035703570357
P18_19,LOO_QQQ,100,mean_fold,100,0.05078232591491688,1.3366426334687487,-0.16262794336426176,1.2858603075538315,0.13956428069859067,0.61,0.0857035703570357
P18_19,LOO_QQQ,100,mean_rank,100,0.08186142217172349,1.3366426334687487,-0.16262794336426176,1.254781211297025,0.15805975825141014,0.6,0.0857035703570357
P18_19,LOO_QQQ,100,nested_complexity,100,0.05078232591491688,1.3366426334687487,-0.16262794336426176,1.2858603075538315,0.13956428069859067,0.61,0.0857035703570357
P18_19,LOO_QQQ,100,single_fold,100,-0.32493882074128405,1.3366426334687487,-0.16262794336426176,1.6615814542100327,-0.10377226101964776,0.34,0.0857035703570357
P18_19,LOO_QQQ,100,stability_lcb,100,0.030893579456640365,1.3366426334687487,-0.16262794336426176,1.305749054012108,0.12621027983319602,0.55,0.0857035703570357
P18_19,LOO_QQQ,500,family_balanced,100,-0.09058823795114719,1.6176949232457714,-0.15878881802486478,1.708283161196919,0.03620744754481254,0.33,0.07889300805203221
P18_19,LOO_QQQ,500,mean_fold,100,0.08965842632968231,1.6176949232457714,-0.15878881802486478,1.5280364969160891,0.1351343291453294,0.52,0.07889300805203221
P18_19,LOO_QQQ,500,mean_rank,100,0.07149613513592731,1.6176949232457714,-0.15878881802486478,1.546198788109844,0.12477689859023756,0.5,0.07889300805203221
P18_19,LOO_QQQ,500,nested_complexity,100,0.08965842632968231,1.6176949232457714,-0.15878881802486478,1.5280364969160891,0.1351343291453294,0.52,0.07889300805203221
P18_19,LOO_QQQ,500,single_fold,100,-0.7142123648772322,1.6176949232457714,-0.15878881802486478,2.331907288123004,-0.31196446634733244,0.14,0.07889300805203221
P18_19,LOO_QQQ,500,stability_lcb,100,0.027940089058445333,1.6176949232457714,-0.15878881802486478,1.5897548341873258,0.0997873274343945,0.38,0.07889300805203221
P18_19,LOO_QQQ,1000,family_balanced,100,-0.20809841643031338,1.705100162966441,-0.15895213541545042,1.913198579396754,-0.026501399561794668,0.14,0.07598576738576739
P18_19,LOO_QQQ,1000,mean_fold,100,0.31026467608996544,1.705100162966441,-0.15895213541545042,1.3948354868764756,0.24922984961838118,0.7,0.07598576738576739
P18_19,LOO_QQQ,1000,mean_rank,100,0.3117785143655126,1.705100162966441,-0.15895213541545042,1.3933216486009286,0.24968135398954175,0.73,0.07598576738576739
P18_19,LOO_QQQ,1000,nested_complexity,100,0.31026467608996544,1.705100162966441,-0.15895213541545042,1.3948354868764756,0.24922984961838118,0.7,0.07598576738576739
P18_19,LOO_QQQ,1000,single_fold,100,-1.1022844675178818,1.705100162966441,-0.15895213541545042,2.807384630484323,-0.5068615000835135,0.02,0.07598576738576739
P18_19,LOO_QQQ,1000,stability_lcb,100,0.20689601532375168,1.705100162966441,-0.15895213541545042,1.4982041476426893,0.19389071316098147,0.42,0.07598576738576739
P18_19,LOO_QQQ,2670,diverse_ensemble,100,0.379349018491097,1.7603816465145048,-0.15835901180136816,1.3810326280234082,0.28024007724130107,1.0,0.07486720997689526
P18_19,LOO_QQQ,2670,family_balanced,100,-0.27525605294831496,1.7603816465145048,-0.15835901180136816,2.035637699462819,-0.06092383597559783,0.0,0.07486720997689526
P18_19,LOO_QQQ,2670,mean_fold,100,0.9563790975100335,1.7603816465145048,-0.15835901180136816,0.8040025490044712,0.5809738301422326,1.0,0.07486720997689526
P18_19,LOO_QQQ,2670,mean_rank,100,0.9563790975100335,1.7603816465145048,-0.15835901180136816,0.8040025490044712,0.5809738301422326,1.0,0.07486720997689526
P18_19,LOO_QQQ,2670,nested_complexity,100,0.9563790975100335,1.7603816465145048,-0.15835901180136816,0.8040025490044712,0.5809738301422326,1.0,0.07486720997689526
P18_19,LOO_QQQ,2670,single_fold,100,-1.2344779062795346,1.7603816465145048,-0.15835901180136816,2.9948595527940385,-0.5608464540604996,0.0,0.07486720997689526
P18_19,LOO_QQQ,2670,stability_lcb,100,0.9563790975100335,1.7603816465145048,-0.15835901180136816,0.8040025490044712,0.5809738301422326,1.0,0.07486720997689526
P18_19,US3,25,family_balanced,100,-0.042934775212924145,0.9574259323885201,-0.09785461752170768,1.000360707601444,0.04431730420154006,0.52,-0.035861538461538466
P18_19,US3,25,mean_fold,100,-0.08912469622638775,0.9574259323885201,-0.09785461752170768,1.0465506286149078,0.016402115950623405,0.46,-0.035861538461538466
P18_19,US3,25,mean_rank,100,-0.05209741256794354,0.9574259323885201,-0.09785461752170768,1.0095233449564636,0.05757147324862592,0.49,-0.035861538461538466
P18_19,US3,25,nested_complexity,100,-0.08912469622638775,0.9574259323885201,-0.09785461752170768,1.0465506286149078,0.016402115950623405,0.46,-0.035861538461538466
P18_19,US3,25,single_fold,100,-0.010580159243285028,0.9574259323885201,-0.09785461752170768,0.9680060916318051,0.06636115427896384,0.53,-0.035861538461538466
P18_19,US3,25,stability_lcb,100,-0.17468440254259301,0.9574259323885201,-0.09785461752170768,1.132110334931113,-0.06008422331690169,0.38,-0.035861538461538466
P18_19,US3,100,family_balanced,100,-0.08352824628820629,1.2710513882596908,-0.10839100532776914,1.354579634547897,0.011983405391799625,0.55,-0.025270087008700867
P18_19,US3,100,mean_fold,100,0.0638855227582786,1.2710513882596908,-0.10839100532776914,1.207165865501412,0.13264843405640503,0.54,-0.025270087008700867
P18_19,US3,100,mean_rank,100,0.03338061543970521,1.2710513882596908,-0.10839100532776914,1.2376707728199854,0.10935762278805722,0.49,-0.025270087008700867
P18_19,US3,100,nested_complexity,100,0.0638855227582786,1.2710513882596908,-0.10839100532776914,1.207165865501412,0.13264843405640503,0.54,-0.025270087008700867
P18_19,US3,100,single_fold,100,-0.057124723510372705,1.2710513882596908,-0.10839100532776914,1.3281761117700635,0.04339349913035483,0.49,-0.025270087008700867
P18_19,US3,100,stability_lcb,100,-0.002535421885835212,1.2710513882596908,-0.10839100532776914,1.2735868101455257,0.06882040701179223,0.48,-0.025270087008700867
P18_19,US3,500,family_balanced,100,0.06024668657633142,1.4675987852788637,-0.10761018341552452,1.407352098702532,0.10447697367837057,0.68,-0.006682508970035878
P18_19,US3,500,mean_fold,100,0.3511325845315335,1.4675987852788637,-0.10761018341552452,1.11646620074733,0.292454370347092,0.87,-0.006682508970035878
P18_19,US3,500,mean_rank,100,0.3391761990263811,1.4675987852788637,-0.10761018341552452,1.1284225862524826,0.28399927826221255,0.85,-0.006682508970035878
P18_19,US3,500,nested_complexity,100,0.3511325845315335,1.4675987852788637,-0.10761018341552452,1.11646620074733,0.292454370347092,0.87,-0.006682508970035878
P18_19,US3,500,single_fold,100,-0.22995674261101956,1.4675987852788637,-0.10761018341552452,1.697555527889883,-0.07662480551482849,0.34,-0.006682508970035878
P18_19,US3,500,stability_lcb,100,0.3632294710243687,1.4675987852788637,-0.10761018341552452,1.1043693142544948,0.2991205415660576,0.9,-0.006682508970035878
P18_19,US3,1000,family_balanced,100,0.3203072889114832,1.5110218497273191,-0.1079639486686548,1.1907145608158358,0.2650537555947237,0.93,-0.007153805713805714
P18_19,US3,1000,mean_fold,100,0.48865080483460227,1.5110218497273191,-0.1079639486686548,1.0223710448927166,0.36893065140462356,0.99,-0.007153805713805714
P18_19,US3,1000,mean_rank,100,0.43552790536139513,1.5110218497273191,-0.1079639486686548,1.0754939443659237,0.33570117763839114,0.95,-0.007153805713805714
P18_19,US3,1000,nested_complexity,100,0.48865080483460227,1.5110218497273191,-0.1079639486686548,1.0223710448927166,0.36893065140462356,0.99,-0.007153805713805714
P18_19,US3,1000,single_fold,100,-0.4455661192725682,1.5110218497273191,-0.1079639486686548,1.9565879689998869,-0.20963218597477928,0.15,-0.007153805713805714
P18_19,US3,1000,stability_lcb,100,0.4770647032990091,1.5110218497273191,-0.1079639486686548,1.0339571464283097,0.36141794378067715,0.99,-0.007153805713805714
P18_19,US3,2670,diverse_ensemble,100,0.4169463596987265,1.5301079116269065,-0.10511959251930186,1.1131615519281797,0.31926196868282986,1.0,-0.005501587694149679
P18_19,US3,2670,family_balanced,100,0.48350520373562256,1.5301079116269065,-0.10511959251930186,1.0466027078912834,0.3599650781083576,1.0,-0.005501587694149679
P18_19,US3,2670,mean_fold,100,0.5171154652371264,1.5301079116269065,-0.10511959251930186,1.01299244638978,0.38051895297670674,1.0,-0.005501587694149679
P18_19,US3,2670,mean_rank,100,0.48350520373562256,1.5301079116269065,-0.10511959251930186,1.0466027078912834,0.3599650781083576,1.0,-0.005501587694149679
P18_19,US3,2670,nested_complexity,100,0.5171154652371264,1.5301079116269065,-0.10511959251930186,1.01299244638978,0.38051895297670674,1.0,-0.005501587694149679
P18_19,US3,2670,single_fold,100,-0.6713804807486403,1.5301079116269065,-0.10511959251930186,2.201488392375546,-0.3462887499100605,0.0,-0.005501587694149679
P18_19,US3,2670,stability_lcb,100,0.5171154652371264,1.5301079116269065,-0.10511959251930186,1.01299244638978,0.38051895297670674,1.0,-0.005501587694149679
